1 2 3 4 5 6 7 8 9 10 11 12 13 14 15 16 17 18 19 20 21 22 23 24 25 26 27 28 29 30 31 32 33 34 35 36 37 38 39 40 41 42 43 44 45 46 47 48 49 50 51 52 53 54 55 56 57 58 59 60 61 62 63 64 65 66 67 68 69 70 71 72 73 74 75 76 77 78 79 80 81 82 83 84 85 86 87 88 89 90 91 92 93 94 95 96 97 98 99 100 101 102 103 104 105 106 107 108 109 110 111 112 113 114 115 116 117 118 119 120 121 122 123 124 125 126 127 128 129 130 131 132 133 134 135 136 137 138 139 140 141 142 143 144 145 146
124 147 148 149 150 151 152 153 154
1 4 6 8 9 14 20 21 22 31 40 42 44 48 49 51 54 60 65 72 76 78 81 83 84 87 88 90 104 112 120 121 122 124 129 134 138 140 146 147 149 150 152 154 155 156 157 158 159 160 161 162 163 164 165 166 167 168 169 170 171 172 173 174 175 176 177 178 179 180 181 182 183 184 185 186 187 188 189 190 191 192 193 194 195 196 197 198 199 200 201 202 203 204 205 206 207 208 209 210 211 212 213 214 215 216 217 218 219 220 221 222 223 224 225 226 227 228 229 230 231 232 233 234 235 236 237 238 239 240 241 242 243 244 245 246 247 248 249 250 251 252 253 254 255 256 257 258 259 260 261 262 263 264 265 266 267 268 269 270 271 272 273 274 275 276 277 278 279 280 281 282 283 284 285 286 287 288 289 290 291 292 293 294 295 296 297 298 299 300 301 302 303 304 305 306 307 308 309 310 311 312 313 314 315 316 317 318 319 320 321 322 323 324 325 326 327 328 329 330 331 332 333 334 335 336 337 338 339 340 341 342 343 344 345 346 347 348 349 350 351 352 353 354 355 356 357 358 359 360 361 362 363 364 365 366 367 368 369 370 371 372 373 374 375 376 377 378 379 380 381 382 383 384 385 386 387 388 389 390 391 392 393 394 395 396 397 398 399 400 401 402 403 404 405 406 407 408 409 410 411 412 413 414 415 416 417 418 419 420 421 422 423 424 425 426 427 428 429 430 431 432 433 434 435 436 437 438 439 440 441 442 443 444 445 446 447 448 449 450 451 452 453 454 455 456 457 458 459 460 461 462 463 464 465 466 467 468 469 470 471 472 473 474 475 476 477 478 479 480 481 482 483 484 485 486 487 488 489 490 491 492 493 494 495 496 497 498 499 500 501 502 503 504 505 506 507 508 509 510 511 512 513 514 515 516 517 518 519 520 521 522 523 524
8 48 60 88 106 122 124 179 198 215 275 332 364 377 402 461 472 476 524 525 526 527 528 529 530 531 532 533 534 535 536 537 538 539 540 541 542 543 544 545 546 547 548 549 550
6 8 21 44 49 60 66 81 95 119 122 124 146 149 150 185 198 208 228 234 242 306 338 359 377 391 393 413 414 430 468 476 514 516 517 543 549 551 552 553 554 555 556 557 558 559 560 561 562 563 564 565 566 567 568 569 570 571 572 573 574 575 576 577 578 579 580 581 582 583 584 585 586 587 588 589 590 591 592 593 594 595 596 597 598 599 600 601 602 603
1 8 10 19 21 22 40 42 47 48 49 51 70 84 98 102 112 121 122 123 124 127 130 137 146 147 149 150 164 165 176 178 179 187 189 191 200 221 228 241 250 252 262 275 291 319 328 330 332 333 347 349 359 361 363 364 366 370 371 377 379 419 422 432 442 444 448 461 468 469 470 471 472 475 484 498 504 508 514 516 524 532 533 545 549 571 591 595 604 605 606 607 608 609 610 611 612 613 614 615 616 617 618 619 620 621 622 623 624 625 626 627 628 629 630 631 632 633 634 635 636 637 638 639 640 641 642 643 644 645 646 647 648 649 650 651 652 653 654 655 656 657 658 659 660 661 662 663 664 665 666 667 668 669 670 671 672 673 674 675 676 677 678 679 680 681 682 683 684 685 686 687 688 689 690 691 692 693 694 695 696 697 698 699 700 701 702 703 704 705 706 707 708 709 710 711 712 713 714 715 716 717 718 719 720 721 722 723 724 725 726 727 728 729 730 731 732 733 734 735 736 737 738 739 740 741 742 743 744 745 746 747 748 749 750 751 752 753 754 755 756 757 758 759 760 761 762 763 764 765 766 767 768 769 770 771 772 773 774 775 776 777 778 779 780 781 782
8 44 49 60 66 95 119 122 124 146 149 150 185 198 208 234 306 338 359 377 378 391 393 401 413 430 485 516 549 551 553 554 555 557 559 561 563 566 567 568 573 574 577 579 580 581 582 584 585 586 588 589 591 593 595 596 600 601 602 603 740 783 784 785 786
1 6 8 9 13 14 18 20 21 22 24 30 31 40 42 48 49 51 52 54 60 65 72 76 81 84 87 88 97 98 109 112 119 121 122 123 124 126 127 134 138 140 146 149 150 154 155 156 157 158 159 161 168 169 170 171 172 173 175 177 178 179 182 183 184 193 195 196 198 202 204 205 206 208 213 214 215 217 218 219 220 221 225 227 231 236 238 240 244 246 248 249 250 251 257 258 260 261 262 269 271 273 275 277 278 279 280 282 287 288 291 293 294 299 301 303 305 306 308 312 313 314 315 316 317 318 319 323 325 327 328 329 330 331 332 335 336 337 338 339 342 343 344 345 346 347 348 350 351 354 356 360 361 362 363 366 367 368 369 370 372 374 375 376 377 379 380 381 383 385 386 389 390 392 393 394 398 400 402 406 407 408 410 412 414 415 417 418 419 422 425 427 428 429 430 431 432 433 434 439 440 441 444 446 447 448 450 453 456 459 461 462 464 468 470 471 472 473 474 475 476 477 480 482 483 485 486 489 492 493 494 498 500 501 502 503 504 505 506 507 508 509 510 511 513 514 515 516 519 520 521 522 523 524 525 528 559 603 621 635 659 679 680 692 701 711 731 746 764 782 787 788 789 790 791 792 793 794 795 796 797 798 799 800 801 802 803 804 805 806 807 808 809 810 811 812 813 814 815 816 817 818 819 820 821 822 823 824 825 826 827 828 829 830 831 832 833 834 835 836 837 838 839 840 841 842 843 844 845 846 847 848 849 850 851 852 853 854 855 856 857 858 859 860 861 862 863 864 865 866 867 868 869 870 871 872 873 874 875 876 877 878 879 880 881 882 883 884 885 886 887 888 889 890 891 892 893 894 895 896 897 898 899 900 901 902 903 904 905 906 907 908 909 910 911 912 913 914 915 916 917 918 919 920 921 922 923 924 925 926 927 928 929 930 931 932 933 934 935 936 937 938 939 940 941 942 943 944 945 946
1 8 19 20 22 23 30 49 51 54 55 60 81 88 116 121 122 146 150 179 185 202 207 253 260 316 328 329 347 349 359 364 369 377 379 381 417 422 425 431 444 461 470 471 484 496 497 508 514 516 524 532 533 535 541 543 545 549 550 555 574 583 591 603 621 624 626 634 639 668 681 682 696 712 718 726 729 733 749 763 794 826 860 878 879 931 947 948 949 950 951 952 953 954 955 956 957 958 959 960 961 962 963 964 965 966 967 968 969 970 971 972 973 974 975 976 977 978 979 980 981 982 983 984 985 986 987 988 989 990 991 992 993 994 995 996 997 998 999 1000 1001 1002 1003 1004 1005 1006 1007 1008 1009 1010 1011 1012 1013 1014 1015
8 23 27 48 49 51 53 60 76 90 121 122 130 149 150 171 185 190 216 228 238 255 275 287 294 335 339 346 355 361 379 387 389 402 435 437 453 465 469 472 475 503 514 516 524 538 542 543 557 568 576 578 580 587 589 603 621 640 648 654 731 732 738 764 786 788 794 805 808 825 863 881 1016 1017 1018 1019 1020 1021 1022 1023 1024 1025 1026 1027 1028 1029 1030 1031 1032 1033 1034 1035 1036 1037 1038 1039 1040 1041 1042 1043 1044 1045 1046 1047 1048 1049 1050 1051 1052 1053 1054 1055 1056 1057 1058 1059 1060 1061 1062 1063 1064 1065 1066 1067 1068 1069 1070 1071 1072 1073 1074 1075 1076 1077 1078 1079 1080 1081 1082 1083
1 4 6 8 14 18 20 21 22 31 38 40 42 43 49 51 53 54 55 60 65 66 76 81 84 86 88 92 98 101 112 114 119 121 122 123 124 133 136 138 140 142 146 147 150 152 154 155 156 157 158 159 163 165 167 168 169 170 171 173 175 176 177 178 179 182 183 184 187 189 191 193 195 196 198 202 204 205 206 208 210 211 213 214 217 218 219 220 221 226 227 231 233 236 240 243 246 248 249 251 252 257 258 260 262 264 265 268 271 272 273 274 275 279 280 282 286 287 289 291 293 294 295 301 302 304 305 306 307 308 311 312 314 315 316 317 318 319 323 325 327 328 330 331 332 333 335 336 337 338 340 342 343 344 346 347 348 350 351 354 355 356 359 360 361 362 363 366 367 368 369 370 372 374 375 376 377 378 379 380 381 383 385 386 387 389 390 391 392 396 398 399 406 407 408 410 411 412 414 415 417 418 419 422 426 427 428 429 430 431 432 433 434 437 439 440 441 443 444 446 448 453 455 456 459 461 463 464 467 468 469 470 471 472 473 474 475 476 477 480 483 484 485 486 489 493 494 495 496 499 500 501 502 503 504 505 506 507 508 509 510 511 512 514 515 516 518 519 521 523 524 527 528 537 560 563 571 575 579 582 595 600 624 625 631 635 654 659 663 673 679 701 705 706 711 719 740 746 747 764 775 787 792 794 804 806 816 817 821 823 824 838 839 842 845 846 850 853 856 857 860 863 864 867 870 873 875 878 879 880 881 902 905 914 915 917 920 923 927 930 932 934 938 940 958 998 1024 1047 1051 1055 1074 1084 1085 1086 1087 1088 1089 1090 1091 1092 1093 1094 1095 1096 1097 1098 1099 1100 1101 1102 1103 1104 1105 1106 1107 1108 1109 1110 1111 1112 1113 1114 1115 1116 1117 1118 1119 1120 1121 1122 1123 1124 1125 1126 1127 1128 1129 1130 1131 1132 1133 1134 1135 1136 1137 1138 1139 1140 1141 1142 1143 1144 1145 1146 1147 1148 1149 1150 1151 1152 1153 1154 1155 1156 1157 1158 1159 1160 1161 1162 1163 1164 1165 1166 1167 1168 1169 1170 1171 1172 1173 1174 1175 1176 1177 1178 1179 1180 1181 1182 1183 1184 1185 1186 1187 1188 1189 1190 1191 1192 1193 1194 1195 1196 1197 1198 1199 1200 1201 1202 1203 1204 1205 1206 1207 1208 1209 1210 1211 1212 1213 1214 1215 1216 1217 1218 1219 1220 1221 1222 1223 1224 1225 1226 1227 1228 1229 1230 1231 1232 1233 1234 1235 1236 1237 1238 1239 1240 1241 1242 1243 1244 1245 1246 1247
1 6 8 9 10 13 14 20 21 22 31 38 40 42 48 49 51 54 55 58 60 76 78 81 84 86 88 90 97 112 116 119 121 122 124 126 136 138 140 142 146 147 150 152 155 156 157 158 159 164 165 167 168 169 170 171 172 173 174 175 176 177 178 179 182 183 184 185 186 188 189 191 193 195 196 198 202 203 204 205 206 208 209 210 213 214 217 218 219 220 221 224 225 226 227 231 235 236 239 240 245 246 247 248 250 251 252 253 254 257 258 259 260 262 264 266 268 270 271 274 278 279 280 281 282 286 287 289 290 291 293 294 296 299 301 305 306 308 311 312 313 314 315 316 317 318 319 320 321 323 325 327 328 330 331 332 335 336 337 338 339 340 342 343 344 346 347 348 350 351 354 356 357 360 361 362 366 367 368 369 370 372 374 376 377 378 379 380 381 383 385 387 389 390 392 395 398 402 406 408 411 412 414 417 418 419 422 425 426 427 428 429 430 431 432 433 434 436 438 440 441 444 446 448 453 459 464 467 468 469 470 471 474 475 476 477 482 483 485 486 488 489 493 494 495 500 501 502 503 504 505 506 507 508 509 510 511 512 514 515 516 518 519 521 523 524 527 528 537 563 571 592 596 600 603 621 625 635 656 659 663 673 680 684 701 706 710 711 718 719 731 738 764 782 785 791 798 806 813 816 821 823 824 825 827 828 830 834 835 840 842 845 846 850 855 856 857 859 860 863 868 870 873 875 878 879 881 883 884 885 898 905 906 912 914 915 917 918 919 927 934 938 939 940 1047 1051 1055 1056 1057 1075 1085 1087 1095 1097 1100 1101 1103 1111 1113 1114 1120 1127 1131 1132 1135 1138 1151 1153 1159 1161 1169 1170 1174 1180 1184 1187 1190 1191 1195 1204 1205 1208 1209 1210 1212 1215 1221 1228 1234 1236 1238 1241 1244 1248 1249 1250 1251 1252 1253 1254 1255 1256 1257 1258 1259 1260 1261 1262 1263 1264 1265 1266 1267 1268 1269 1270 1271 1272 1273 1274 1275 1276 1277 1278 1279 1280 1281 1282 1283 1284 1285 1286 1287 1288 1289 1290 1291 1292 1293 1294 1295 1296 1297 1298 1299 1300 1301 1302 1303 1304 1305 1306 1307 1308 1309 1310 1311 1312 1313 1314 1315 1316 1317 1318 1319 1320 1321 1322 1323 1324 1325 1326 1327 1328 1329 1330 1331 1332 1333 1334 1335 1336 1337 1338 1339 1340 1341 1342 1343 1344 1345 1346 1347 1348 1349 1350 1351 1352 1353 1354 1355 1356
1 8 9 24 33 39 49 53 55 72 78 84 101 116 121 122 124 146 147 150 154 158 168 171 198 205 213 216 239 241 247 250 312 316 338 339 340 362 368 370 386 413 417 419 434 439 446 459 468 477 490 493 500 506 520 524 525 536 538 560 571 579 580 591 598 640 646 649 679 705 716 746 807 817 838 857 878 905 916 917 933 943 954 980 1003 1015 1049 1076 1088 1095 1112 1113 1140 1149 1199 1205 1206 1226 1236 1357 1358 1359 1360 1361 1362 1363 1364 1365 1366 1367 1368 1369 1370 1371 1372 1373 1374 1375 1376 1377 1378 1379 1380 1381 1382 1383 1384 1385 1386 1387 1388 1389 1390 1391 1392 1393 1394 1395 1396 1397 1398 1399 1400 1401 1402 1403 1404 1405 1406 1407 1408 1409 1410 1411 1412 1413 1414 1415 1416 1417 1418 1419 1420 1421 1422 1423 1424 1425 1426 1427 1428 1429 1430 1431 1432 1433 1434 1435 1436 1437 1438 1439 1440 1441 1442 1443 1444 1445 1446 1447 1448 1449 1450 1451 1452 1453 1454 1455 1456 1457 1458 1459 1460 1461 1462 1463 1464 1465 1466 1467 1468 1469 1470 1471 1472 1473 1474 1475 1476 1477 1478 1479 1480 1481 1482 1483 1484 1485 1486 1487 1488 1489 1490 1491 1492 1493 1494 1495 1496 1497 1498 1499 1500 1501 1502 1503 1504 1505 1506 1507 1508 1509 1510 1511 1512 1513 1514 1515 1516 1517 1518 1519 1520 1521 1522 1523 1524 1525 1526 1527 1528 1529 1530 1531 1532 1533 1534 1535 1536 1537 1538 1539 1540 1541 1542 1543 1544 1545 1546 1547 1548 1549 1550 1551 1552 1553 1554 1555 1556 1557 1558 1559 1560 1561 1562 1563 1564 1565 1566 1567 1568 1569 1570 1571 1572 1573 1574 1575 1576 1577 1578 1579 1580 1581 1582 1583 1584 1585 1586 1587 1588 1589 1590 1591 1592 1593 1594 1595 1596 1597 1598 1599 1600 1601 1602 1603 1604 1605 1606
1 4 6 8 9 10 14 20 21 22 24 27 35 38 40 41 42 44 48 49 51 54 55 60 72 76 78 81 84 85 88 90 100 106 109 112 117 119 121 122 124 127 137 138 140 144 146 147 150 154 157 158 160 161 162 168 169 171 172 173 175 177 182 183 184 187 195 204 205 206 208 210 213 214 215 217 218 219 220 221 225 228 231 236 243 245 247 248 249 251 252 254 257 258 260 268 271 274 275 279 280 282 287 291 293 294 297 303 304 305 308 312 313 314 315 319 325 329 330 331 335 338 339 340 344 345 346 347 348 351 354 355 361 362 366 367 368 369 370 374 379 380 381 383 387 392 399 400 401 402 404 407 412 414 417 418 419 422 423 425 427 430 431 432 433 434 435 439 441 444 446 447 448 453 455 459 461 464 470 471 472 473 476 477 483 486 493 494 495 498 500 501 504 505 506 507 508 509 511 514 515 516 518 519 521 523 524 528 543 546 556 560 582 592 621 639 643 663 679 680 701 705 711 718 724 743 760 768 775 794 816 829 838 842 850 857 863 864 878 879 881 883 898 903 905 906 907 915 917 918 920 930 931 938 944 954 977 987 1005 1024 1050 1051 1059 1077 1084 1088 1096 1114 1118 1139 1140 1151 1163 1164 1181 1200 1204 1208 1228 1242 1245 1268 1270 1272 1273 1285 1322 1324 1327 1339 1340 1345 1347 1350 1607 1608 1609 1610 1611 1612 1613 1614 1615 1616 1617 1618 1619 1620 1621 1622 1623 1624 1625 1626 1627 1628 1629 1630 1631 1632 1633 1634 1635 1636 1637 1638 1639 1640 1641 1642 1643 1644 1645 1646 1647 1648 1649 1650 1651 1652 1653 1654 1655 1656 1657 1658 1659 1660 1661 1662 1663 1664 1665 1666 1667 1668 1669 1670 1671 1672 1673 1674 1675 1676 1677 1678 1679 1680 1681 1682 1683 1684 1685 1686 1687 1688 1689 1690 1691 1692 1693 1694 1695 1696 1697 1698 1699 1700 1701 1702 1703 1704 1705 1706 1707 1708 1709 1710 1711 1712 1713 1714 1715 1716 1717 1718 1719 1720 1721 1722 1723 1724 1725 1726 1727 1728 1729 1730 1731 1732 1733 1734 1735 1736 1737 1738 1739 1740 1741 1742 1743 1744 1745 1746 1747 1748 1749 1750 1751 1752 1753 1754 1755 1756 1757
1 4 6 8 13 14 19 21 22 24 30 31 40 42 48 49 51 54 55 60 63 66 81 84 86 87 88 103 112 121 122 123 124 129 138 140 142 144 146 150 157 158 160 162 165 168 169 171 173 174 177 179 182 185 189 195 198 204 205 206 208 209 210 211 213 215 216 218 219 220 221 231 236 238 243 246 247 248 249 251 257 258 260 264 266 270 271 272 273 274 275 278 279 280 282 288 291 293 294 303 305 308 311 312 314 315 325 328 329 330 331 335 338 344 345 346 348 351 354 355 356 361 363 366 367 368 369 370 374 377 379 383 386 389 392 406 411 412 414 415 417 418 419 422 427 430 431 432 433 434 437 439 440 441 443 444 446 448 450 452 455 456 459 461 464 467 468 469 471 472 473 474 483 486 493 494 495 499 500 501 502 505 506 507 508 509 510 511 512 513 514 515 516 518 519 521 523 524 525 529 559 575 592 625 631 659 663 673 679 711 731 746 759 764 787 791 806 816 823 824 828 829 834 842 845 846 849 850 857 860 862 863 870 873 878 880 884 900 903 906 907 914 918 938 940 943 954 1005 1024 1031 1034 1051 1056 1057 1084 1087 1088 1109 1112 1114 1129 1141 1144 1149 1150 1156 1161 1165 1169 1182 1204 1206 1212 1215 1229 1238 1240 1241 1243 1244 1266 1284 1298 1303 1307 1308 1335 1344 1347 1349 1401 1619 1627 1632 1640 1644 1648 1659 1674 1677 1682 1685 1687 1688 1697 1702 1709 1739 1745 1750 1751 1758 1759 1760 1761 1762 1763 1764 1765 1766 1767 1768 1769 1770 1771 1772 1773 1774 1775 1776 1777 1778 1779 1780 1781 1782 1783 1784 1785 1786 1787 1788 1789 1790 1791 1792 1793 1794 1795 1796 1797 1798 1799 1800 1801 1802 1803 1804 1805 1806 1807
652 1808 1809 1810 1811 1812
88 140 275 590 679 990 1813
1 5 8 9 20 22 23 34 49 51 60 81 88 107 122 124 146 149 150 158 171 220 294 308 312 330 338 355 370 381 414 419 422 431 444 469 470 472 493 495 504 507 514 517 521 524 535 548 574 590 591 646 679 805 842 858 860 863 878 879 902 905 917 986 993 1005 1043 1077 1105 1117 1130 1135 1136 1151 1160 1181 1206 1289 1766 1814 1815 1816 1817 1818 1819 1820 1821 1822 1823 1824 1825 1826 1827 1828 1829
34 49 85 122 146 179 260 264 330 439 455 465 511 521 591 697 767 863 873 1131 1206 1490 1830 1831 1832 1833 1834 1835 1836 1837 1838 1839 1840 1841 1842 1843 1844 1845 1846 1847 1848 1849 1850 1851 1852 1853 1854 1855 1856 1857 1858 1859 1860 1861 1862 1863 1864 1865 1866 1867 1868
8 23 122 377 380 386 430 486 524 591 679 737 878 951 993 1206 1614 1869 1870 1871 1872 1873 1874 1875 1876 1877 1878 1879 1880 1881 1882 1883 1884 1885 1886 1887 1888 1889 1890 1891 1892 1893 1894 1895 1896 1897 1898 1899 1900 1901 1902 1903 1904 1905 1906 1907 1908 1909 1910 1911 1912 1913 1914 1915 1916 1917 1918
1 2 6 8 9 12 14 20 21 22 23 24 30 31 38 40 43 46 49 51 54 58 60 72 74 75 76 78 81 83 84 85 86 87 88 109 112 121 122 123 124 126 133 136 137 138 140 142 144 146 147 149 150 152 154 156 157 158 160 162 164 165 167 168 169 171 172 173 175 177 182 185 188 189 190 191 195 198 202 204 205 206 207 208 210 213 214 215 218 219 220 227 228 231 236 245 247 248 249 250 251 252 257 258 260 262 264 266 267 269 270 271 272 273 274 275 279 280 282 287 290 291 293 294 295 299 303 305 307 308 311 312 313 314 315 319 325 330 331 335 336 338 340 344 345 346 348 351 354 355 356 358 361 362 364 366 367 368 369 370 374 375 376 377 378 379 380 381 382 383 385 386 389 392 398 400 401 406 411 412 414 417 418 419 422 425 426 427 430 431 432 433 434 435 437 439 441 443 444 445 446 447 448 453 455 456 459 461 464 465 468 469 470 471 472 475 476 477 478 480 483 484 486 493 494 495 498 499 500 501 502 503 504 505 506 507 508 509 510 511 512 514 515 516 517 518 519 521 523 524 528 571 576 581 582 583 588 590 592 595 603 631 639 647 654 659 662 667 673 676 690 697 705 711 724 727 740 741 752 764 775 782 791 794 804 805 806 813 814 816 818 821 824 827 829 833 834 840 841 842 850 858 860 863 867 868 870 873 878 879 895 896 904 906 915 921 927 929 934 936 940 954 981 983 987 992 1005 1012 1024 1029 1032 1051 1056 1074 1075 1084 1087 1095 1096 1098 1105 1114 1119 1129 1130 1139 1141 1157 1161 1169 1173 1182 1189 1196 1204 1219 1229 1240 1241 1243 1244 1245 1247 1256 1257 1271 1274 1278 1291 1299 1300 1306 1309 1313 1327 1335 1338 1344 1345 1350 1355 1360 1401 1575 1619 1621 1625 1629 1632 1636 1640 1644 1648 1651 1657 1671 1672 1673 1682 1685 1687 1697 1699 1702 1709 1712 1723 1750 1751 1754 1759 1762 1779 1797 1798 1799 1805 1827 1919 1920 1921 1922 1923 1924 1925 1926 1927 1928 1929 1930 1931 1932 1933 1934 1935 1936 1937 1938 1939 1940 1941 1942 1943 1944 1945 1946 1947 1948 1949 1950 1951 1952 1953 1954 1955 1956 1957 1958 1959 1960 1961 1962 1963 1964 1965 1966 1967 1968 1969 1970 1971 1972 1973 1974 1975 1976 1977 1978 1979 1980 1981 1982 1983 1984 1985 1986 1987 1988 1989 1990 1991 1992 1993 1994 1995 1996 1997 1998 1999 2000 2001 2002 2003 2004 2005 2006 2007 2008 2009 2010 2011 2012 2013 2014 2015 2016 2017 2018 2019 2020 2021 2022 2023 2024 2025 2026
8 23 49 51 53 54 81 92 122 149 198 241 308 310 312 331 362 380 444 453 459 475 495 506 523 524 536 571 692 781 829 905 916 1024 1029 1052 1059 1105 1117 1158 1172 1173 1190 1206 1325 1590 1625 1820 1825 1830 1832 1833 1834 1838 1841 1842 1843 1844 1845 1846 1850 1853 1854 1855 1857 1859 1862 1863 1864 1865 1866 2027 2028 2029 2030 2031 2032 2033 2034 2035 2036 2037 2038 2039 2040 2041 2042 2043 2044 2045 2046 2047 2048 2049 2050 2051 2052 2053 2054 2055 2056 2057 2058 2059 2060 2061 2062 2063 2064 2065 2066 2067 2068 2069 2070 2071 2072
1 5 8 22 23 24 34 40 49 54 60 88 122 124 142 149 150 165 171 185 206 225 238 282 308 329 340 377 380 381 406 444 448 455 469 470 472 476 495 506 514 516 517 519 524 536 560 563 574 590 625 679 684 805 845 857 858 873 878 884 905 1034 1072 1118 1149 1206 1241 1244 1621 1816 1820 1825 2052 2073 2074 2075 2076 2077 2078 2079 2080
1 5 6 8 9 18 20 22 31 33 40 41 42 43 49 51 53 54 60 66 76 82 84 85 88 98 112 116 121 122 123 124 126 138 140 146 149 150 158 165 168 171 174 175 177 182 185 198 204 205 213 221 225 231 236 241 244 254 261 274 287 294 305 306 308 312 313 316 319 325 338 340 355 356 361 362 368 369 370 378 379 381 393 394 400 406 407 411 413 439 440 443 444 447 448 459 460 465 467 469 470 471 472 475 477 490 493 498 499 500 503 504 506 511 513 516 518 520 521 529 530 535 536 538 544 556 560 571 574 586 588 591 596 629 640 646 648 667 675 679 684 705 746 753 796 817 829 831 842 844 857 858 860 884 887 902 905 906 916 930 934 940 943 954 980 986 1003 1005 1012 1015 1024 1026 1049 1051 1055 1056 1057 1059 1068 1072 1082 1088 1091 1095 1109 1111 1112 1117 1118 1136 1138 1144 1160 1164 1169 1181 1187 1195 1203 1205 1206 1207 1222 1226 1236 1240 1244 1247 1281 1285 1299 1310 1345 1347 1357 1361 1365 1369 1372 1375 1385 1386 1392 1402 1411 1413 1419 1423 1427 1432 1434 1447 1448 1466 1467 1476 1483 1487 1502 1506 1510 1523 1524 1536 1539 1542 1551 1554 1566 1572 1578 1579 1582 1585 1591 1593 1595 1602 1627 1670 1678 1681 1682 1699 1700 1736 1757 1765 1772 1777 1793 1807 1823 1826 1827 1923 1942 1958 2008 2028 2040 2050 2058 2065 2077 2079 2081 2082 2083 2084 2085 2086 2087 2088 2089 2090 2091 2092 2093 2094 2095 2096 2097 2098 2099 2100 2101 2102 2103 2104 2105 2106 2107 2108 2109 2110 2111 2112 2113 2114 2115 2116 2117 2118 2119 2120 2121 2122 2123 2124 2125 2126 2127 2128 2129 2130 2131 2132 2133 2134 2135 2136 2137 2138 2139 2140 2141 2142 2143 2144 2145 2146 2147 2148 2149 2150 2151 2152 2153 2154 2155 2156 2157 2158 2159 2160 2161 2162 2163 2164 2165 2166 2167 2168 2169 2170 2171 2172 2173 2174 2175 2176 2177 2178 2179 2180 2181 2182 2183 2184 2185 2186 2187 2188 2189 2190 2191 2192 2193 2194 2195 2196 2197 2198 2199 2200 2201 2202 2203 2204 2205 2206 2207 2208 2209 2210 2211 2212 2213 2214 2215
1 6 8 14 21 22 31 40 49 51 54 55 60 68 76 78 81 84 87 88 92 97 112 114 119 121 122 123 124 140 142 146 147 150 154 155 156 157 158 159 160 161 162 165 168 169 170 171 172 173 174 177 178 182 183 184 185 187 193 195 196 198 202 204 205 206 208 213 214 217 218 219 220 225 227 231 236 240 244 245 246 248 250 251 252 253 257 258 260 262 264 271 272 273 274 279 280 282 286 291 293 294 303 305 308 310 311 312 314 315 316 317 318 319 323 325 327 330 331 335 336 337 338 342 343 344 346 347 348 350 351 354 355 360 362 366 367 368 370 372 374 375 376 377 379 380 383 385 387 390 392 393 398 402 408 412 414 417 418 419 422 425 427 430 431 432 433 434 439 440 441 444 446 449 453 456 459 463 464 470 471 473 474 476 480 483 484 486 493 494 495 500 501 502 503 504 505 506 507 508 509 511 513 514 515 516 519 520 521 523 524 525 528 530 582 592 596 625 651 654 655 659 673 711 746 764 806 811 813 823 827 828 834 838 842 845 846 850 857 859 860 862 863 864 873 878 881 883 886 906 910 914 915 917 918 923 928 932 987 1017 1034 1051 1053 1054 1067 1093 1096 1100 1113 1131 1161 1169 1212 1214 1229 1247 1271 1272 1275 1285 1294 1299 1310 1320 1327 1355 1401 1634 1644 1681 1700 1729 1749 1759 1762 1770 1786 1919 1937 1951 1975 2012 2014 2015 2019 2111 2141 2154 2216 2217 2218 2219 2220 2221 2222 2223 2224 2225 2226 2227 2228 2229 2230 2231 2232 2233 2234 2235 2236 2237 2238
1 5 8 9 20 22 23 34 49 51 60 81 88 107 122 124 146 149 150 158 171 220 294 308 312 330 338 355 370 381 414 419 422 431 444 469 470 472 493 495 504 507 514 517 521 524 535 548 574 590 591 646 679 805 842 858 860 863 878 879 902 905 917 986 993 1005 1043 1077 1105 1117 1130 1135 1136 1151 1160 1181 1206 1289 1766 1814 1815 1816 1817 1818 1819 1820 1821 1822 1823 1824 1825 1826 1827 1828 1829
23 49 124 149 150 168 236 280 308 331 338 379 393 514 559 560 561 590 646 684 873 905 931 1029 1052 1059 1181 1281 1820 1822 2077 2078 2217 2239 2240
1 6 8 10 14 16 19 20 21 22 31 38 40 43 49 51 54 60 65 68 72 76 81 84 87 88 109 112 121 122 123 124 136 138 140 141 146 150 154 155 156 157 158 159 160 161 162 167 168 169 170 171 173 174 175 177 182 183 184 185 189 193 195 196 198 202 204 205 206 211 213 218 219 220 226 227 231 236 240 246 248 251 257 258 259 260 261 262 264 266 267 271 272 273 279 280 281 282 286 291 293 294 303 305 308 309 311 314 315 316 317 318 319 321 323 325 327 329 330 331 335 336 337 338 340 342 343 344 345 346 347 348 350 351 354 356 360 361 362 366 367 368 369 370 372 374 376 378 379 380 381 383 385 386 387 389 390 392 393 402 408 411 412 414 415 417 418 419 421 422 427 430 431 432 433 434 439 440 441 444 446 448 452 456 459 464 465 468 469 470 471 472 473 474 483 492 493 494 495 496 498 500 501 502 503 505 506 507 508 509 511 513 514 515 516 518 519 520 521 523 524 595 597 631 648 679 731 764 787 806 821 823 828 842 844 845 846 860 863 870 878 884 888 900 906 914 927 940 970 977 992 1109 1112 1129 1136 1140 1144 1161 1174 1185 1212 1217 1265 1401 1648 1762 1764 1773 1780 1786 1804 1921 1950 1958 2019 2024 2089 2226 2241 2242 2243 2244 2245 2246 2247 2248 2249 2250 2251 2252 2253 2254 2255 2256 2257 2258 2259 2260 2261 2262 2263 2264 2265 2266 2267 2268 2269 2270 2271 2272
1 6 8 9 10 19 20 21 22 31 38 40 43 48 49 51 54 60 76 81 84 87 88 112 121 122 124 134 136 140 142 146 147 149 150 154 155 156 157 158 159 160 161 162 168 169 170 171 173 175 177 178 180 182 183 184 187 188 193 195 196 198 202 204 205 206 213 214 217 219 220 221 226 227 231 236 240 244 246 248 249 251 257 258 260 261 262 271 272 273 277 279 280 281 282 287 288 291 293 294 299 301 303 304 305 308 312 314 315 316 317 318 319 323 325 327 328 329 330 331 335 336 337 338 340 342 343 344 346 347 348 350 351 354 357 360 362 366 367 368 369 370 372 374 375 376 377 379 380 383 385 390 392 393 395 398 400 407 408 411 412 414 417 418 419 420 422 427 428 430 431 432 433 434 440 441 444 446 447 450 453 456 459 461 462 463 464 468 470 471 473 474 477 480 482 483 493 494 498 500 501 502 504 505 506 507 508 509 510 511 513 514 515 516 520 521 523 524 621 625 639 669 673 679 711 731 747 777 787 806 815 821 823 828 838 846 860 863 878 879 883 906 910 927 938 939 1044 1097 1114 1140 1161 1167 1174 1180 1184 1208 1212 1215 1218 1229 1244 1255 1274 1304 1310 1313 1322 1323 1324 1343 1351 1575 1627 1636 1646 1659 1665 1674 1720 1739 2015 2136 2219 2225 2232 2255 2257 2271 2273 2274 2275 2276 2277 2278 2279 2280 2281 2282 2283 2284 2285 2286 2287 2288 2289 2290 2291 2292 2293 2294
1 6 8 14 18 20 21 22 27 30 31 40 49 51 54 60 65 76 81 84 86 87 88 101 102 112 114 116 121 122 124 126 133 134 140 142 146 149 150 152 154 155 156 157 158 159 161 165 168 169 170 171 173 175 177 179 182 183 184 189 193 195 196 198 204 205 206 208 212 213 216 218 219 220 225 226 227 231 236 237 238 240 242 244 246 247 248 250 251 253 255 257 258 260 262 264 266 268 269 271 273 274 275 276 277 279 280 282 287 288 291 293 294 297 299 301 302 303 305 306 308 311 312 314 315 316 317 318 319 323 325 327 328 330 331 332 335 336 337 338 340 342 343 344 346 347 348 350 351 354 355 356 359 360 362 366 367 368 369 370 372 374 375 376 377 379 383 385 389 390 392 393 400 402 406 407 408 412 413 414 415 417 418 419 422 425 427 428 429 430 431 432 433 434 438 439 440 441 444 446 448 450 453 459 462 464 467 468 470 471 472 474 475 476 477 480 482 483 485 486 489 492 493 494 495 500 501 502 503 504 505 506 507 508 509 510 511 512 513 514 515 516 519 520 521 523 524 525 575 600 621 624 625 629 635 651 654 679 701 720 747 755 764 787 795 796 806 812 815 816 821 823 827 828 834 838 842 845 846 850 857 860 873 875 878 879 881 888 895 903 905 910 912 930 940 977 998 1025 1034 1096 1098 1100 1101 1105 1111 1112 1114 1119 1120 1129 1131 1161 1194 1206 1208 1210 1212 1278 1304 1347 1619 1621 1668 1670 1672 1759 1786 1829 1934 1963 2055 2078 2159 2221 2271 2295 2296 2297 2298 2299 2300 2301 2302 2303 2304 2305 2306 2307 2308 2309 2310 2311 2312 2313 2314 2315 2316
1 8 12 22 38 40 49 51 53 54 60 72 81 85 87 88 101 112 121 122 123 124 142 146 150 152 154 164 231 247 280 294 297 313 330 332 345 361 378 380 398 406 411 418 434 437 439 453 465 468 476 493 499 503 504 506 511 516 519 521 524 536 561 590 631 662 812 842 850 902 943 1055 1062 1187 1196 1230 1338 1360 1686 1698 1783 1821 1826 1827 2086 2136 2210 2317 2318 2319 2320 2321 2322 2323 2324 2325 2326 2327 2328 2329 2330 2331 2332 2333 2334
1 2 8 42 49 53 60 72 76 81 85 87 98 121 122 124 146 157 171 233 254 272 274 294 308 313 319 330 368 379 398 399 400 413 420 431 447 448 461 470 476 477 493 512 514 520 521 524 525 536 591 597 641 716 764 774 839 840 850 878 914 937 1031 1111 1144 1155 1206 1312 1339 1385 1393 1446 1456 1482 1490 1521 1532 1562 1575 1625 1710 1711 1770 1828 2132 2136 2319 2324 2328 2330 2331 2333 2335 2336 2337 2338 2339 2340 2341 2342 2343 2344 2345 2346 2347 2348 2349 2350 2351 2352 2353 2354 2355
1 8 9 14 19 20 22 24 27 31 35 38 40 42 43 48 49 50 51 54 58 60 72 76 81 83 84 85 88 97 102 112 114 119 121 122 123 124 133 138 140 146 147 149 150 152 157 158 165 167 168 169 170 171 172 174 176 177 178 179 182 184 185 189 193 195 196 202 204 205 206 208 213 214 217 219 220 225 227 228 231 235 236 238 240 243 245 246 247 248 251 252 253 258 259 260 262 266 271 273 274 275 279 280 281 282 291 293 294 299 302 305 306 308 309 311 312 314 315 316 317 318 323 325 327 330 331 332 335 337 338 339 340 342 343 344 345 346 347 350 351 355 356 357 360 361 362 364 366 367 368 369 370 372 374 375 376 377 378 379 380 383 385 388 389 390 392 394 402 406 408 410 412 413 417 419 422 427 430 431 432 433 434 435 440 443 444 446 447 452 453 456 459 461 464 468 470 471 472 473 475 476 477 485 486 489 493 494 495 499 500 501 504 505 506 507 509 510 511 512 514 515 516 517 519 520 521 524 528 560 563 588 603 621 624 625 640 651 654 659 663 673 701 719 731 746 764 775 791 794 795 805 806 811 812 814 816 821 823 824 826 827 828 834 845 846 850 853 857 860 863 870 873 875 878 881 883 888 898 905 906 907 910 923 927 928 930 934 970 979 998 1025 1031 1034 1051 1054 1056 1067 1077 1095 1098 1109 1111 1112 1114 1120 1131 1161 1173 1175 1190 1194 1199 1204 1210 1212 1215 1219 1226 1241 1242 1243 1244 1255 1273 1274 1280 1291 1303 1304 1313 1335 1341 1460 1523 1539 1632 1643 1648 1659 1669 1676 1685 1686 1693 1732 1752 1761 1786 1796 1806 1829 1927 1936 1958 1983 2006 2008 2025 2078 2089 2120 2217 2218 2234 2239 2246 2255 2256 2283 2313 2330 2356 2357 2358 2359 2360 2361 2362 2363 2364 2365 2366 2367 2368 2369 2370 2371 2372 2373 2374 2375 2376 2377 2378 2379 2380 2381 2382 2383 2384 2385 2386 2387 2388 2389 2390 2391 2392 2393 2394 2395 2396 2397 2398 2399 2400 2401
49 60 72 81 85 121 122 126 146 150 157 215 294 308 368 379 399 413 447 448 493 504 520 591 624 641 711 716 840 860 878 970 1020 1031 1051 1206 1385 1393 1446 1456 1482 1490 1521 1532 1562 1625 2324 2328 2331 2335 2338 2339 2340 2341 2343 2344 2345 2348 2349 2351 2352 2402
1 5 6 8 9 18 22 24 33 38 40 48 49 51 66 81 84 85 98 107 116 121 122 123 124 134 138 146 148 150 154 158 168 171 172 191 198 207 212 218 236 241 287 308 310 314 332 339 340 354 355 370 374 378 379 394 398 406 413 417 425 432 433 439 444 445 453 459 463 469 471 472 485 493 495 499 500 514 516 519 530 536 538 579 591 596 598 640 646 651 679 684 698 732 746 759 786 817 824 829 838 856 857 863 873 884 943 954 992 1006 1012 1019 1054 1060 1088 1095 1109 1112 1144 1156 1158 1169 1200 1226 1236 1278 1291 1310 1312 1335 1338 1369 1375 1376 1386 1388 1413 1419 1432 1472 1502 1517 1523 1524 1539 1547 1567 1571 1578 1579 1582 1584 1592 1593 1595 1640 1659 1672 1727 1739 1757 1777 1793 1807 1823 1827 1923 1939 2099 2127 2132 2142 2188 2226 2232 2255 2295 2302 2305 2389 2390 2403 2404 2405 2406 2407 2408 2409 2410 2411 2412 2413 2414 2415 2416 2417 2418 2419 2420 2421 2422 2423 2424 2425 2426 2427 2428 2429 2430 2431 2432 2433 2434 2435 2436 2437 2438 2439 2440 2441 2442 2443 2444 2445 2446 2447 2448 2449 2450 2451 2452 2453 2454 2455 2456 2457 2458 2459 2460 2461 2462 2463 2464 2465 2466 2467 2468 2469 2470 2471 2472 2473 2474 2475
6 8 9 24 27 30 38 48 49 51 53 60 72 76 81 84 85 98 102 112 121 122 124 134 146 154 158 164 171 185 200 202 208 219 225 234 243 246 254 259 270 271 274 280 294 313 319 331 332 335 355 356 359 361 376 377 379 392 398 399 413 420 425 428 439 444 447 452 453 459 468 470 471 472 486 493 499 503 511 514 515 516 517 519 520 524 528 595 625 639 641 654 659 673 680 697 716 790 824 840 850 851 853 864 873 878 906 918 923 992 1024 1051 1098 1103 1111 1114 1144 1206 1215 1278 1291 1345 1347 1385 1393 1446 1456 1482 1490 1521 1532 1562 1616 1625 1652 1656 1657 1659 1673 1678 1679 1680 1759 1764 1796 1824 1829 1929 2220 2239 2323 2328 2331 2334 2338 2339 2340 2341 2343 2344 2345 2348 2351 2352 2399 2428 2476 2477 2478 2479 2480 2481 2482 2483 2484 2485 2486 2487 2488 2489 2490 2491 2492 2493 2494 2495 2496 2497 2498 2499 2500 2501 2502 2503 2504 2505 2506 2507 2508 2509 2510 2511 2512 2513 2514 2515 2516 2517 2518 2519 2520 2521 2522 2523 2524 2525 2526 2527 2528 2529 2530
8 10 21 24 42 47 49 51 54 55 60 72 81 119 121 122 134 140 146 147 158 174 191 207 219 221 243 245 271 274 280 294 313 361 381 386 399 402 413 415 428 430 439 447 448 453 468 470 471 482 493 501 503 509 510 511 514 516 519 520 595 621 624 639 641 668 716 719 746 760 820 821 828 840 842 850 853 863 878 910 915 934 937 998 1114 1122 1129 1167 1195 1206 1244 1304 1385 1393 1446 1456 1482 1490 1521 1532 1562 1625 1629 1657 1662 1669 1921 1992 2008 2010 2061 2078 2173 2313 2328 2331 2334 2338 2339 2340 2341 2343 2344 2345 2348 2351 2352 2361 2480 2525 2531 2532 2533 2534 2535 2536 2537 2538 2539 2540
157 158 181 220 312 339 401 444 506 535 563 878 1007 1312 1654 1793 1811 2251 2433 2541 2542 2543 2544 2545 2546 2547
8 21 22 38 49 72 81 84 85 121 122 123 124 133 134 140 142 146 157 158 208 216 225 231 246 271 294 303 308 325 361 369 398 399 402 406 413 418 431 439 447 468 486 493 499 511 512 514 516 519 520 523 559 621 639 641 659 673 716 746 759 764 789 794 817 824 840 850 878 882 893 932 934 940 1094 1103 1111 1135 1206 1242 1285 1288 1323 1345 1385 1393 1446 1456 1482 1490 1521 1532 1562 1625 1636 1652 1657 1659 1679 1706 1720 1738 1929 2008 2078 2232 2257 2294 2303 2328 2331 2338 2339 2340 2341 2343 2344 2345 2348 2351 2352 2480 2492 2516 2526 2528 2548 2549 2550 2551 2552 2553 2554 2555 2556 2557 2558 2559 2560 2561 2562 2563 2564 2565 2566 2567 2568 2569 2570 2571 2572 2573 2574
8 13 49 51 72 81 84 85 122 123 134 154 158 271 274 286 294 330 376 378 379 398 399 413 433 439 447 459 472 493 499 516 520 563 595 639 641 716 775 814 840 842 850 878 1206 1385 1393 1446 1456 1482 1490 1521 1532 1562 1625 1632 1652 1656 1657 1664 1666 2289 2328 2331 2338 2339 2340 2341 2343 2344 2345 2348 2351 2352 2480 2490 2516 2528 2575 2576 2577 2578 2579 2580 2581 2582 2583 2584 2585 2586 2587 2588
150 312 878 2589
6 8 13 20 22 48 49 51 60 68 72 84 85 112 121 122 123 124 126 134 138 146 147 150 154 157 164 171 177 185 208 213 225 243 245 246 252 274 277 281 291 302 315 333 361 369 370 376 379 398 399 402 415 420 425 428 439 443 472 493 498 499 506 511 512 514 515 516 519 524 525 528 587 625 639 673 737 794 796 817 824 840 850 851 873 878 898 903 914 934 980 1029 1088 1098 1101 1103 1114 1119 1122 1144 1187 1217 1234 1242 1258 1310 1340 1345 1347 1644 1657 1673 1678 1686 1741 1749 1760 1807 1957 1978 2074 2220 2228 2232 2244 2251 2255 2275 2289 2331 2351 2381 2384 2502 2519 2522 2526 2587 2590 2591 2592 2593 2594 2595 2596 2597 2598 2599 2600 2601 2602 2603 2604 2605 2606 2607 2608 2609 2610 2611 2612 2613 2614 2615 2616 2617 2618 2619 2620 2621 2622 2623 2624 2625 2626 2627 2628 2629 2630 2631 2632
1 4 6 8 9 20 22 40 42 48 49 51 53 54 55 58 60 66 81 84 85 86 88 102 112 119 121 122 124 138 140 146 147 150 157 158 165 168 171 172 179 182 185 204 205 206 208 210 213 215 219 220 228 236 247 248 251 258 260 261 268 274 275 280 282 291 293 294 303 305 308 312 315 330 331 335 338 344 345 351 357 359 366 367 368 369 370 376 380 392 393 407 410 412 414 418 419 422 425 431 433 434 437 439 444 446 447 448 459 461 467 468 476 493 494 500 501 503 504 506 507 509 510 511 513 514 516 520 521 523 524 528 530 595 596 673 679 705 711 722 755 759 818 830 835 838 842 849 857 858 860 863 878 925 987 998 1024 1025 1053 1069 1095 1129 1157 1158 1174 1206 1231 1240 1244 1285 1325 1342 1619 1621 1673 1682 1699 1723 1801 1823 1826 1929 2024 2061 2140 2144 2176 2182 2201 2219 2220 2283 2294 2297 2308 2362 2429 2470 2543 2633 2634 2635 2636 2637 2638 2639 2640 2641 2642 2643 2644 2645 2646 2647 2648 2649 2650 2651 2652 2653 2654 2655 2656 2657 2658 2659 2660 2661 2662 2663 2664 2665 2666 2667 2668 2669 2670 2671 2672 2673 2674 2675 2676 2677 2678 2679 2680 2681 2682
6 8 14 20 44 48 49 51 53 60 72 76 81 85 112 121 122 124 133 134 138 146 147 158 203 206 246 264 271 294 331 356 372 377 379 398 399 413 414 417 425 430 447 459 467 493 511 514 515 520 524 625 639 641 711 716 740 775 806 820 834 840 878 903 906 907 927 992 1014 1024 1141 1206 1211 1234 1242 1256 1263 1284 1289 1297 1306 1385 1393 1446 1456 1482 1490 1521 1532 1562 1599 1625 1651 1652 1657 1678 1694 1922 1978 2078 2227 2305 2322 2325 2328 2331 2338 2339 2340 2341 2343 2344 2345 2347 2348 2351 2352 2480 2500 2502 2543 2610 2683 2684 2685 2686 2687 2688 2689 2690 2691 2692 2693 2694 2695 2696 2697 2698 2699 2700 2701 2702 2703 2704 2705 2706 2707 2708 2709
6 8 22 49 121 122 124 129 140 142 171 182 213 219 267 273 275 291 308 312 332 355 380 386 389 478 484 504 506 511 513 514 516 520 565 590 655 673 690 702 752 803 807 815 845 860 863 878 884 983 1144 1236 1256 1312 1342 1576 1583 1793 2086 2251 2438 2543 2545 2546 2589 2633 2634 2663 2675 2710 2711 2712 2713 2714 2715 2716 2717 2718 2719 2720 2721 2722
1 6 8 9 13 20 22 33 39 40 42 49 51 54 55 56 58 60 66 68 72 76 84 87 90 112 116 121 122 123 124 140 142 146 147 149 150 158 164 165 166 168 171 177 179 182 185 187 195 198 202 205 208 213 216 225 230 231 236 238 241 244 252 254 258 260 268 277 282 285 287 294 301 303 308 310 312 313 317 319 331 333 338 339 340 361 362 369 370 377 378 379 380 381 391 393 394 398 401 402 406 407 413 421 434 439 444 445 446 448 456 459 461 467 468 469 471 472 475 476 477 485 490 493 494 495 499 500 504 506 511 512 513 514 516 519 520 523 524 525 536 538 561 563 565 568 569 571 574 580 581 586 588 590 591 594 595 596 597 598 601 612 619 631 640 646 648 667 679 684 716 732 737 746 751 785 788 790 794 796 803 817 828 829 830 838 845 857 873 878 879 884 885 890 902 905 906 934 938 943 954 992 1005 1006 1012 1024 1029 1031 1049 1051 1052 1068 1072 1076 1077 1082 1088 1095 1100 1111 1112 1114 1126 1127 1144 1156 1157 1166 1172 1181 1183 1184 1193 1226 1228 1229 1236 1241 1256 1269 1281 1285 1299 1304 1308 1312 1324 1345 1357 1360 1361 1367 1368 1369 1371 1372 1375 1376 1377 1378 1386 1404 1413 1417 1419 1423 1432 1440 1455 1466 1476 1477 1502 1517 1521 1523 1524 1528 1539 1557 1567 1576 1577 1578 1579 1582 1583 1590 1593 1595 1605 1624 1643 1654 1676 1682 1686 1699 1700 1710 1723 1738 1768 1793 1827 1851 1925 1933 1958 1959 1977 2003 2024 2040 2058 2063 2074 2077 2086 2088 2089 2099 2116 2132 2140 2145 2152 2177 2180 2188 2189 2191 2202 2220 2232 2258 2264 2271 2294 2297 2308 2322 2342 2355 2375 2380 2412 2415 2429 2433 2435 2450 2453 2454 2459 2542 2543 2554 2558 2589 2619 2633 2635 2642 2652 2675 2682 2711 2723 2724 2725 2726 2727 2728 2729 2730 2731 2732 2733 2734 2735 2736 2737 2738 2739 2740 2741 2742 2743 2744 2745 2746 2747 2748 2749 2750 2751 2752 2753 2754 2755 2756 2757 2758 2759 2760 2761 2762 2763 2764 2765 2766 2767 2768 2769 2770 2771 2772 2773 2774 2775 2776 2777 2778 2779 2780 2781 2782 2783 2784 2785 2786 2787 2788 2789 2790 2791 2792 2793 2794 2795 2796 2797 2798 2799 2800 2801 2802 2803 2804 2805 2806 2807 2808 2809 2810 2811 2812 2813 2814 2815 2816 2817 2818 2819 2820 2821 2822 2823 2824 2825 2826 2827 2828 2829 2830 2831 2832 2833 2834 2835 2836 2837 2838 2839 2840 2841 2842 2843 2844 2845 2846 2847 2848 2849 2850 2851 2852 2853 2854 2855 2856 2857 2858 2859 2860 2861 2862 2863 2864 2865
8 22 49 51 54 72 74 81 85 121 122 124 134 142 146 158 164 202 219 243 246 271 294 313 319 332 361 366 372 376 377 398 399 406 413 420 433 447 448 459 461 470 472 493 499 509 515 516 520 621 641 659 716 840 850 878 896 918 937 943 1077 1122 1139 1206 1385 1393 1446 1456 1482 1490 1521 1532 1562 1625 1657 1764 2328 2331 2338 2339 2340 2341 2343 2344 2345 2348 2351 2352 2500 2502 2503 2532 2538 2610 2627 2866 2867 2868 2869 2870 2871 2872 2873 2874 2875 2876 2877 2878 2879
1 6 8 10 13 14 20 21 22 30 35 38 40 41 42 43 48 49 51 53 54 58 60 72 74 76 81 84 85 86 87 88 92 97 98 101 102 107 109 112 119 121 122 123 124 126 130 138 140 142 146 147 150 157 158 168 171 182 184 185 187 188 198 204 205 206 207 208 213 215 216 217 218 219 220 221 227 228 231 236 244 247 248 249 250 251 254 255 258 259 260 264 265 271 272 274 275 278 280 282 287 291 293 302 303 304 305 306 308 312 313 315 317 318 319 325 329 330 331 335 338 340 342 344 351 354 355 358 361 362 366 367 368 369 370 372 374 376 377 379 380 386 388 392 393 394 400 401 402 406 410 412 414 417 418 419 422 425 426 428 431 433 434 435 437 440 441 442 443 444 446 448 452 453 455 460 461 463 465 467 468 469 470 471 475 476 478 486 492 493 494 496 498 499 500 501 503 504 506 507 509 510 511 512 513 514 516 518 519 520 521 522 523 524 535 546 571 581 582 588 596 597 599 621 624 629 631 632 646 648 658 659 664 673 679 684 692 709 711 716 718 725 740 746 750 755 764 786 791 792 794 811 835 838 839 845 853 854 857 860 863 867 873 878 884 890 901 903 905 906 910 914 917 928 932 934 954 980 992 998 1003 1005 1012 1024 1029 1042 1044 1051 1053 1074 1087 1089 1094 1095 1103 1111 1112 1113 1118 1121 1127 1130 1136 1137 1141 1150 1161 1162 1170 1173 1174 1191 1195 1199 1200 1219 1226 1228 1240 1242 1244 1266 1285 1287 1289 1292 1303 1304 1310 1312 1321 1334 1345 1361 1432 1458 1472 1566 1576 1603 1616 1619 1622 1624 1625 1633 1651 1662 1670 1674 1682 1697 1699 1700 1719 1757 1765 1767 1780 1793 1796 1805 1816 1821 1826 1827 1829 1860 1937 1939 1950 1959 1965 1966 1977 1979 1980 1992 2024 2088 2089 2119 2122 2136 2148 2150 2182 2201 2202 2219 2222 2224 2240 2243 2271 2337 2355 2392 2427 2449 2452 2470 2473 2486 2506 2541 2558 2561 2587 2589 2608 2614 2633 2635 2640 2646 2661 2671 2675 2682 2712 2785 2795 2815 2821 2829 2835 2836 2857 2875 2880 2881 2882 2883 2884 2885 2886 2887 2888 2889 2890 2891 2892 2893 2894 2895 2896 2897 2898 2899 2900 2901 2902 2903 2904 2905 2906 2907 2908 2909 2910 2911 2912 2913 2914 2915 2916 2917 2918 2919 2920 2921 2922 2923 2924 2925 2926 2927 2928 2929 2930 2931 2932 2933 2934 2935 2936 2937 2938 2939 2940 2941 2942 2943 2944 2945 2946 2947 2948 2949 2950 2951 2952 2953 2954 2955 2956 2957 2958 2959 2960 2961 2962 2963 2964 2965 2966 2967 2968 2969 2970 2971 2972 2973 2974 2975 2976 2977 2978 2979 2980 2981 2982 2983 2984 2985 2986 2987 2988 2989 2990 2991 2992 2993 2994 2995 2996 2997 2998 2999 3000 3001 3002 3003 3004 3005 3006 3007 3008 3009 3010 3011 3012 3013 3014 3015 3016 3017 3018 3019 3020 3021 3022 3023 3024 3025 3026 3027 3028 3029 3030 3031 3032 3033 3034 3035 3036 3037 3038 3039 3040 3041 3042 3043 3044 3045 3046 3047
1 8 22 49 51 54 72 81 84 85 121 122 146 149 158 208 213 219 234 245 252 271 274 294 303 312 331 359 361 362 372 398 399 402 413 418 447 453 470 493 509 510 516 518 520 524 536 621 637 641 716 775 791 798 812 814 820 834 840 845 846 850 858 873 878 892 898 906 929 1051 1096 1114 1204 1206 1340 1345 1385 1393 1446 1456 1477 1482 1490 1521 1532 1562 1625 1636 1645 1657 1668 1732 1786 1796 1982 1983 2008 2328 2331 2338 2339 2340 2341 2343 2344 2345 2348 2351 2352 2353 2361 2502 3048 3049 3050 3051 3052 3053 3054 3055 3056 3057 3058 3059 3060 3061
22 51 65 72 81 122 134 147 158 171 246 271 294 376 399 413 428 430 447 459 468 475 493 509 516 520 641 716 840 878 906 907 1206 1385 1393 1446 1456 1482 1490 1521 1532 1562 1625 1764 2294 2328 2331 2338 2339 2340 2341 2343 2344 2345 2348 2351 2352 2551 2616 2692 3048 3052 3054 3062 3063
8 14 20 21 49 51 54 72 81 84 121 122 124 133 134 146 157 158 185 231 241 271 274 294 331 338 369 399 401 413 447 469 471 493 504 520 560 591 639 641 716 792 840 857 873 878 895 1114 1206 1211 1385 1393 1446 1456 1482 1490 1521 1532 1562 1590 1599 1616 1625 1629 1657 1761 2189 2294 2328 2331 2338 2339 2340 2341 2343 2344 2345 2348 2351 2352 2355 2480 2693 2825 3064 3065 3066 3067 3068 3069 3070 3071 3072 3073 3074
49 149 150 207 208 213 362 447 500 515 790 998 1285 1423 1640 1745 2150 2220 2805 3075 3076 3077 3078
198 207 243 515 790 998 3075 3079 3080
8 20 38 47 54 55 58 60 72 81 84 88 121 122 124 146 158 171 207 224 271 274 294 325 329 330 333 376 377 399 413 447 448 449 470 471 493 510 519 520 591 621 639 641 679 716 800 840 848 873 878 880 903 917 930 936 1114 1135 1141 1144 1206 1258 1273 1345 1385 1393 1446 1456 1482 1490 1521 1532 1562 1625 1636 1645 1678 1706 1927 1992 2008 2025 2189 2328 2331 2338 2339 2340 2341 2343 2344 2345 2348 2351 2352 2512 2522 2975 3025 3048 3070 3081 3082 3083 3084 3085 3086 3087
62 82 207 515 790 998 1158 2661 2721 2975 3075 3088 3089 3090 3091
8 13 38 72 81 84 85 100 121 122 126 147 158 202 271 294 333 398 399 413 447 459 493 495 520 621 641 654 716 840 856 878 881 885 906 987 1096 1101 1141 1206 1228 1244 1304 1340 1385 1393 1446 1456 1482 1490 1521 1532 1562 1625 1627 1659 1706 1720 1946 2328 2331 2338 2339 2340 2341 2343 2344 2345 2348 2351 2352 2565 2608 2697 3082 3092 3093 3094 3095 3096 3097 3098 3099 3100 3101
1 6 8 20 22 33 40 48 49 51 53 72 85 88 102 107 122 124 142 146 149 150 157 158 168 182 189 206 208 228 230 241 244 254 259 273 274 282 308 312 316 317 327 330 333 338 339 346 347 370 376 379 385 394 410 413 414 417 430 431 434 444 446 448 467 471 472 480 493 500 506 514 521 524 536 538 543 561 565 591 640 646 684 709 722 829 838 842 857 873 884 954 973 998 1019 1024 1031 1051 1111 1113 1144 1149 1174 1191 1206 1236 1240 1244 1266 1285 1362 1368 1369 1371 1372 1375 1376 1377 1378 1393 1404 1413 1415 1423 1432 1433 1438 1440 1455 1466 1494 1502 1504 1517 1520 1523 1524 1529 1568 1594 1600 1604 1640 1676 1682 1798 1801 2033 2050 2061 2145 2150 2201 2210 2226 2330 2423 2433 2543 2558 2632 2635 2656 2664 2756 2856 2865 2922 2965 2966 3102 3103 3104 3105 3106 3107 3108 3109 3110 3111 3112 3113 3114 3115 3116 3117 3118 3119 3120 3121 3122 3123 3124 3125 3126 3127 3128 3129 3130 3131 3132 3133 3134 3135 3136 3137 3138 3139 3140 3141 3142 3143 3144 3145 3146 3147 3148 3149 3150 3151 3152 3153 3154 3155 3156 3157 3158 3159 3160 3161 3162 3163 3164 3165 3166
8 122 207 312 515 529 596 716 790 807 998 1158 1368 1625 1676 1951 2757 3075 3167
1 8 9 20 58 72 81 84 85 88 109 121 122 138 152 158 187 239 252 254 271 274 291 294 304 319 328 331 398 399 413 423 426 435 447 476 493 509 516 519 520 595 621 641 716 791 839 840 850 860 878 934 1103 1121 1131 1135 1136 1144 1174 1206 1234 1244 1350 1355 1385 1393 1446 1456 1482 1490 1521 1532 1562 1599 1625 1645 1657 1668 1760 1795 2024 2328 2331 2338 2339 2340 2341 2343 2344 2345 2348 2351 2352 2585 2629 2693 2809 3074 3092 3168 3169 3170 3171 3172 3173 3174 3175 3176 3177 3178 3179 3180 3181 3182 3183
1 6 8 9 10 12 13 20 22 25 42 49 51 54 60 72 81 84 87 90 97 101 112 116 119 121 122 123 124 126 127 139 140 146 147 150 157 158 168 171 185 195 204 205 206 213 219 220 221 223 228 236 243 245 248 250 251 258 260 261 264 271 275 280 282 283 287 289 291 293 305 308 319 325 329 330 331 333 335 338 340 344 348 351 355 357 366 367 370 374 375 379 382 386 390 392 400 401 402 412 419 422 428 431 434 444 446 447 448 453 468 469 471 473 478 490 493 494 496 498 500 501 504 506 507 509 510 511 515 516 519 521 524 527 529 543 558 563 575 581 603 659 683 698 701 705 710 711 764 805 824 829 839 845 849 854 860 864 867 870 873 884 890 904 912 915 928 934 979 987 1029 1032 1061 1062 1093 1096 1121 1144 1174 1203 1228 1231 1240 1241 1242 1263 1285 1306 1310 1413 1539 1543 1629 1673 1682 1700 1733 1745 1793 1801 1823 1827 1929 1935 1992 2024 2065 2201 2202 2223 2307 2339 2361 2375 2380 2413 2459 2470 2609 2626 2640 2659 2676 2780 2805 2818 2836 2846 2901 2905 2927 3184 3185 3186 3187 3188 3189 3190 3191 3192 3193 3194 3195 3196 3197 3198 3199 3200 3201 3202 3203 3204 3205 3206 3207 3208 3209 3210 3211 3212 3213 3214 3215 3216 3217 3218 3219 3220 3221 3222 3223 3224 3225 3226 3227 3228 3229 3230 3231 3232 3233 3234 3235 3236 3237 3238 3239
207 283 515 790 998 3075 3240 3241 3242 3243
8 14 42 48 51 58 72 81 84 85 122 127 139 154 158 171 195 213 271 275 282 294 295 316 331 376 398 399 406 413 414 428 447 470 471 475 493 509 511 513 515 516 519 520 521 599 621 624 641 716 732 792 827 840 850 878 937 1131 1141 1206 1256 1308 1309 1349 1350 1385 1393 1446 1456 1482 1490 1521 1532 1562 1576 1625 1646 1766 1796 1955 2010 2231 2328 2331 2338 2339 2340 2341 2343 2344 2345 2348 2351 2352 2707 3071 3092 3137 3244 3245 3246 3247 3248 3249 3250 3251 3252 3253 3254 3255 3256 3257 3258 3259 3260 3261 3262 3263 3264 3265 3266 3267
207 515 790 998 3075 3268 3269 3270 3271
8 38 42 44 51 60 72 81 84 85 121 122 123 124 127 134 146 147 158 171 185 202 209 214 224 239 271 294 302 398 399 413 425 447 449 472 475 493 514 520 595 621 641 656 659 716 764 798 814 817 840 850 878 879 1055 1103 1131 1206 1211 1258 1385 1393 1446 1456 1482 1490 1521 1532 1562 1625 1657 1685 1719 1720 1762 2004 2078 2254 2289 2307 2328 2331 2334 2338 2339 2340 2341 2343 2344 2345 2348 2351 2352 2401 2490 2526 2533 3086 3092 3253 3272 3273 3274 3275 3276 3277 3278 3279 3280 3281 3282 3283 3284 3285 3286 3287 3288 3289
207 515 790 998 1603 2846 3075 3290 3291 3292 3293
1 8 9 18 22 24 43 48 49 51 63 65 68 72 84 85 87 88 102 114 121 122 124 133 136 138 140 146 147 157 164 167 171 190 210 224 225 231 233 237 243 246 250 253 254 274 280 299 307 308 313 315 325 329 331 355 357 361 362 369 372 373 376 377 379 380 391 392 395 398 399 400 404 430 431 435 439 440 448 453 470 472 476 486 493 495 496 503 509 511 512 514 516 519 597 601 625 659 662 668 684 704 711 718 746 764 769 785 792 800 814 815 821 824 826 834 845 870 873 881 903 912 937 987 1103 1112 1144 1174 1199 1208 1219 1226 1229 1234 1243 1244 1258 1274 1282 1304 1323 1324 1334 1342 1347 1419 1627 1636 1659 1720 1744 1922 1939 1959 1978 1982 2008 2078 2134 2220 2242 2254 2294 2324 2328 2331 2333 2349 2351 2392 2502 2533 2537 2692 2856 2870 2897 3045 3086 3160 3253 3294 3295 3296 3297 3298 3299 3300 3301 3302 3303 3304 3305 3306 3307 3308 3309 3310 3311 3312 3313 3314 3315 3316 3317 3318 3319 3320 3321 3322 3323 3324 3325 3326 3327
53 107 207 515 790 998 3075 3088 3328 3329 3330 3331 3332 3333 3334 3335 3336 3337 3338 3339 3340 3341
1 8 33 39 48 49 53 72 88 122 124 146 149 150 158 168 169 171 182 189 241 247 255 259 308 318 338 379 407 467 493 516 524 591 598 646 651 684 873 973 998 1051 1369 1406 1413 1432 1520 1523 1524 1568 1629 1666 1672 1801 2142 2330 2412 2435 2444 2828 3114 3115 3342 3343 3344 3345 3346 3347 3348 3349 3350 3351 3352 3353 3354 3355 3356 3357 3358 3359 3360 3361 3362 3363 3364 3365 3366
1 4 6 8 9 13 14 20 22 24 30 33 35 40 41 42 45 46 48 49 51 52 53 54 55 57 58 60 63 64 65 66 73 75 76 81 83 84 85 86 88 90 92 95 97 101 102 109 112 116 119 121 122 123 124 126 127 131 133 134 138 140 142 146 150 152 157 158 164 168 171 174 175 178 182 185 197 200 204 205 206 210 211 212 213 215 217 219 220 221 228 236 247 248 249 251 255 258 260 261 264 275 278 280 282 290 291 293 294 302 305 313 319 325 330 335 338 344 345 351 355 357 359 361 362 366 367 369 370 374 376 379 380 381 385 386 389 392 393 397 401 406 412 413 414 417 419 422 424 426 434 437 439 444 446 448 455 456 461 467 468 469 470 471 472 473 476 478 486 492 493 494 496 498 499 500 501 503 504 506 507 509 510 511 512 513 514 516 517 518 519 521 523 524 536 558 560 561 580 582 586 593 595 596 599 600 621 624 631 632 646 648 659 669 675 679 680 684 697 702 706 709 711 718 719 722 730 731 732 752 764 774 780 794 811 817 820 824 826 829 831 838 839 842 845 853 856 857 859 860 863 868 870 873 878 882 884 893 896 901 904 905 906 914 930 934 937 940 946 954 958 987 990 1014 1022 1024 1025 1034 1051 1056 1059 1061 1068 1074 1077 1089 1093 1095 1096 1109 1114 1121 1131 1137 1139 1140 1144 1156 1161 1167 1173 1174 1175 1179 1182 1183 1189 1193 1195 1226 1236 1242 1243 1244 1256 1257 1266 1285 1287 1304 1308 1310 1312 1335 1339 1342 1344 1404 1440 1477 1510 1576 1590 1605 1619 1622 1627 1628 1629 1633 1651 1662 1666 1681 1682 1686 1698 1699 1700 1721 1729 1744 1752 1765 1778 1786 1791 1793 1796 1801 1807 1821 1927 1933 1934 1979 1986 1996 2003 2024 2025 2028 2061 2065 2078 2080 2087 2090 2104 2131 2154 2179 2180 2188 2214 2224 2225 2240 2246 2276 2294 2305 2307 2356 2389 2402 2441 2452 2486 2492 2533 2554 2561 2608 2634 2636 2646 2656 2661 2669 2681 2691 2697 2718 2747 2764 2798 2807 2819 2846 2851 2860 2895 2897 2901 2902 2924 2927 2938 2940 2944 2946 2951 2967 2980 3003 3006 3021 3029 3200 3213 3240 3298 3302 3338 3367 3368 3369 3370 3371 3372 3373 3374 3375 3376 3377 3378 3379 3380 3381 3382 3383 3384 3385 3386 3387 3388 3389 3390 3391 3392 3393 3394 3395 3396 3397 3398 3399 3400 3401 3402 3403 3404 3405 3406 3407 3408 3409 3410 3411 3412 3413 3414 3415 3416 3417 3418 3419 3420 3421 3422 3423 3424 3425 3426 3427 3428 3429 3430 3431 3432 3433 3434 3435 3436 3437 3438 3439 3440 3441 3442 3443 3444 3445 3446 3447 3448 3449 3450 3451 3452 3453 3454 3455 3456 3457 3458 3459 3460 3461 3462 3463 3464 3465 3466 3467 3468 3469 3470 3471 3472 3473 3474 3475 3476 3477 3478 3479 3480 3481 3482 3483 3484 3485
6 8 10 20 38 51 53 60 72 81 84 85 88 98 102 116 121 122 124 136 138 158 259 271 272 291 294 325 330 359 398 399 413 447 453 469 470 471 492 493 496 498 514 516 520 521 621 641 659 716 718 746 794 825 840 858 878 881 895 906 1021 1144 1206 1355 1385 1393 1446 1456 1482 1490 1521 1532 1562 1597 1625 1636 1645 1698 1762 1930 1946 1992 2008 2010 2086 2300 2328 2331 2338 2339 2340 2341 2343 2344 2345 2348 2351 2352 2551 2565 2616 2689 2927 3063 3082 3434 3478 3486 3487 3488 3489 3490 3491 3492 3493
8 207 515 790 998 3075 3494 3495 3496 3497 3498 3499
8 14 51 58 60 72 76 81 84 85 98 121 122 124 133 154 158 174 177 187 195 206 225 239 247 249 252 260 271 280 291 294 313 330 348 356 378 397 398 399 413 447 459 471 486 493 498 509 512 515 516 518 520 521 621 641 716 817 840 850 878 912 942 1098 1103 1111 1121 1194 1206 1294 1303 1323 1385 1393 1446 1456 1482 1490 1521 1532 1562 1625 1648 1657 1711 1731 1819 1922 1964 2152 2239 2328 2331 2338 2339 2340 2341 2343 2344 2345 2348 2351 2352 2608 2610 3097 3282 3314 3438 3486 3500 3501 3502 3503 3504 3505 3506 3507 3508 3509 3510 3511 3512 3513 3514 3515
207 515 790 878 998 3075 3516 3517 3518 3519 3520 3521
1 6 8 9 10 14 18 19 20 22 23 24 27 30 33 38 40 44 49 51 53 54 60 66 72 76 81 82 84 88 90 92 97 98 101 107 109 112 121 122 123 124 126 138 140 146 147 149 150 154 157 158 165 167 168 171 179 181 182 183 185 188 190 202 204 205 206 207 208 209 213 216 217 218 219 220 221 222 227 228 231 233 236 238 242 248 250 251 258 259 260 262 264 272 274 275 280 282 283 285 286 290 291 293 295 297 299 301 303 304 305 306 308 312 313 315 319 325 327 328 329 330 331 335 338 340 342 344 348 351 355 357 358 362 366 367 368 369 370 374 376 377 378 379 380 381 383 384 385 386 392 393 401 402 406 410 412 414 417 419 422 423 425 428 434 435 437 441 442 444 446 447 448 453 455 456 461 465 468 469 470 471 472 473 475 476 478 479 480 483 486 490 493 494 496 498 500 501 503 504 506 507 508 509 510 511 512 513 514 515 516 517 519 520 521 523 524 525 526 530 536 543 546 556 565 566 575 576 577 580 581 586 588 590 596 599 600 603 621 631 640 647 648 649 655 659 663 666 669 679 680 684 692 697 701 716 718 725 730 737 741 746 747 752 764 769 788 792 794 805 815 818 824 829 830 835 838 842 845 846 849 853 854 857 858 860 862 863 870 878 879 883 886 894 895 901 903 904 905 906 915 918 928 930 932 934 936 938 944 945 953 962 963 972 973 976 979 980 983 990 993 998 1005 1006 1012 1022 1023 1024 1025 1029 1033 1034 1046 1051 1054 1055 1059 1068 1072 1075 1077 1082 1087 1088 1089 1093 1098 1100 1102 1109 1112 1114 1118 1127 1128 1131 1132 1144 1151 1153 1161 1175 1181 1182 1185 1191 1195 1199 1203 1204 1206 1219 1227 1228 1229 1233 1234 1240 1242 1244 1257 1270 1277 1285 1289 1303 1308 1310 1312 1320 1324 1325 1344 1345 1361 1368 1402 1458 1481 1490 1523 1536 1539 1558 1576 1602 1605 1619 1621 1622 1623 1626 1627 1634 1640 1659 1661 1668 1672 1676 1678 1681 1692 1693 1697 1700 1721 1736 1744 1752 1759 1762 1765 1766 1768 1771 1775 1779 1783 1793 1807 1816 1833 1933 1934 1939 1949 1954 1980 2002 2010 2015 2021 2025 2049 2055 2065 2071 2077 2080 2110 2120 2127 2150 2174 2178 2179 2192 2201 2208 2212 2213 2220 2221 2227 2243 2251 2257 2264 2272 2283 2286 2288 2343 2358 2362 2364 2373 2374 2380 2389 2423 2434 2449 2470 2490 2543 2561 2609 2634 2654 2658 2661 2663 2671 2681 2693 2700 2710 2711 2718 2722 2740 2745 2764 2766 2805 2806 2807 2815 2832 2835 2844 2851 2856 2859 2863 2899 2901 2904 2919 2924 2925 2951 2952 2954 2956 2964 2974 2975 2983 2997 3010 3019 3027 3041 3045 3071 3072 3103 3116 3120 3136 3143 3158 3181 3187 3193 3203 3206 3212 3223 3233 3255 3261 3287 3307 3318 3320 3367 3387 3391 3415 3424 3427 3473 3505 3512 3522 3523 3524 3525 3526 3527 3528 3529 3530 3531 3532 3533 3534 3535 3536 3537 3538 3539 3540 3541 3542 3543 3544 3545 3546 3547 3548 3549 3550 3551 3552 3553 3554 3555 3556 3557 3558 3559 3560 3561 3562 3563 3564 3565 3566 3567 3568 3569 3570 3571 3572 3573 3574 3575 3576 3577 3578 3579 3580 3581 3582 3583 3584 3585 3586 3587 3588 3589 3590 3591 3592 3593 3594 3595 3596 3597 3598 3599 3600 3601 3602 3603 3604 3605 3606 3607 3608 3609 3610 3611 3612 3613 3614 3615 3616 3617 3618 3619 3620 3621 3622 3623 3624 3625 3626 3627 3628 3629 3630 3631 3632 3633 3634 3635 3636 3637 3638 3639 3640 3641 3642 3643 3644 3645 3646 3647 3648 3649 3650 3651 3652 3653 3654 3655 3656 3657 3658 3659 3660 3661 3662 3663 3664 3665 3666 3667 3668 3669 3670 3671 3672 3673 3674 3675 3676 3677 3678 3679 3680 3681 3682 3683 3684 3685 3686 3687 3688 3689 3690 3691 3692 3693 3694 3695 3696 3697 3698 3699 3700 3701 3702 3703 3704 3705 3706 3707 3708 3709 3710 3711 3712 3713 3714 3715 3716 3717 3718 3719 3720 3721 3722 3723 3724 3725 3726 3727 3728 3729 3730 3731 3732 3733 3734 3735 3736 3737 3738 3739 3740 3741 3742 3743 3744 3745 3746 3747 3748 3749 3750 3751 3752 3753 3754 3755 3756 3757 3758 3759 3760 3761 3762 3763 3764 3765 3766 3767 3768 3769 3770 3771 3772 3773 3774 3775 3776 3777 3778 3779 3780 3781 3782 3783 3784 3785 3786 3787 3788 3789 3790 3791 3792 3793 3794 3795 3796 3797 3798 3799 3800 3801 3802 3803 3804 3805 3806 3807 3808 3809 3810 3811 3812 3813 3814 3815 3816 3817
8 20 51 54 60 72 81 122 124 158 217 239 252 271 294 331 389 399 413 447 462 493 510 516 520 641 716 840 848 849 878 919 1135 1141 1156 1195 1206 1385 1393 1446 1456 1482 1490 1521 1532 1562 1625 1634 1645 1669 2182 2328 2331 2338 2339 2340 2341 2343 2344 2345 2348 2351 2352 2357 3284 3486 3818 3819 3820 3821 3822 3823 3824 3825 3826 3827 3828 3829 3830 3831 3832
207 208 515 702 790 861 998 1034 1158 2040 2913 3075 3833 3834 3835 3836 3837 3838 3839
8 13 20 22 42 47 48 51 58 60 72 81 83 84 85 88 92 122 124 126 133 141 146 157 158 172 174 252 271 274 291 294 297 319 325 331 339 368 376 379 398 399 402 413 426 428 430 447 448 455 460 461 468 473 493 504 509 511 514 516 520 524 525 625 640 641 649 680 716 791 820 840 847 850 853 856 878 906 937 1101 1103 1122 1141 1150 1182 1206 1208 1234 1278 1310 1385 1393 1446 1456 1482 1490 1521 1532 1562 1625 1629 1636 1645 1659 1667 1669 1670 1685 1720 1927 2008 2159 2289 2294 2328 2331 2338 2339 2340 2341 2343 2344 2345 2348 2351 2352 2476 2543 2564 2687 2692 2870 2927 3279 3308 3311 3314 3486 3508 3840 3841 3842 3843 3844 3845 3846 3847 3848 3849 3850 3851 3852 3853
1 8 10 19 30 40 41 44 48 49 51 54 66 72 76 81 112 116 117 122 124 130 134 138 140 146 150 157 158 168 171 175 178 182 185 188 191 198 199 204 205 206 213 218 219 220 231 236 248 251 252 258 260 266 271 277 280 282 287 291 293 294 295 305 312 315 319 328 330 331 332 335 338 340 342 344 346 351 362 366 367 370 377 385 392 402 407 412 414 419 422 425 433 434 437 441 443 444 446 453 461 470 472 476 477 480 482 485 493 494 495 500 501 503 504 506 507 508 509 511 512 513 514 516 520 521 524 596 629 633 649 659 665 668 673 679 696 702 704 705 715 716 719 741 749 755 781 794 829 862 863 878 968 979 987 992 1001 1003 1012 1051 1061 1064 1075 1077 1087 1113 1151 1169 1170 1180 1181 1186 1200 1206 1208 1240 1335 1483 1558 1576 1598 1699 1700 1744 1793 1828 1963 2144 2150 2222 2235 2272 2636 2713 2719 2816 2905 2919 3174 3192 3258 3387 3480 3489 3512 3651 3745 3854 3855 3856 3857 3858 3859 3860 3861 3862 3863 3864 3865 3866 3867 3868 3869 3870 3871 3872 3873 3874 3875 3876 3877 3878 3879 3880 3881 3882 3883 3884 3885 3886 3887 3888 3889 3890 3891 3892 3893 3894 3895 3896 3897 3898 3899 3900
1 8 21 33 39 48 49 51 53 72 76 84 88 107 122 124 144 146 149 150 157 158 167 168 182 189 197 213 225 241 255 259 281 308 310 311 316 338 340 362 378 382 413 435 467 493 516 524 526 579 591 595 633 639 646 684 761 851 873 878 917 973 998 1003 1030 1051 1111 1112 1117 1118 1236 1292 1303 1341 1369 1375 1406 1413 1468 1495 1502 1504 1520 1523 1524 1568 1579 1621 1659 1727 1777 1801 1825 1827 2099 2140 2142 2145 2161 2178 2232 2258 2324 2330 2411 2412 2414 2433 2450 2453 2459 2857 2974 3114 3115 3148 3302 3306 3312 3344 3352 3366 3370 3406 3449 3820 3883 3901 3902 3903 3904 3905 3906 3907 3908 3909 3910 3911 3912 3913 3914 3915 3916 3917 3918 3919 3920 3921 3922 3923 3924 3925 3926 3927 3928 3929 3930 3931 3932 3933 3934 3935 3936 3937 3938 3939 3940 3941 3942 3943 3944 3945 3946 3947 3948 3949 3950 3951 3952 3953 3954 3955 3956 3957 3958 3959 3960 3961 3962 3963 3964 3965 3966 3967 3968 3969 3970 3971 3972 3973 3974 3975 3976 3977 3978 3979 3980 3981 3982 3983 3984 3985 3986 3987 3988 3989
8 9 20 22 44 48 49 51 54 60 72 90 121 122 124 146 150 154 157 171 187 188 206 207 208 219 274 275 280 283 313 315 330 359 361 368 369 372 376 377 379 399 402 425 430 449 450 459 470 493 499 514 516 519 524 639 679 786 791 794 820 821 827 834 853 857 870 881 906 907 987 1053 1098 1101 1114 1129 1175 1204 1240 1244 1247 1273 1345 1645 1673 1678 1712 1735 1749 1961 2078 2159 2228 2271 2294 2318 2328 2331 2361 2402 2418 2439 2480 2490 2502 2506 2512 2561 2587 2610 2709 2851 3253 3338 3438 3442 3773 3824 3830 3832 3990 3991 3992 3993 3994 3995 3996 3997 3998 3999 4000 4001 4002 4003 4004 4005 4006 4007
1 8 122 287 588 807 1155 1181 1312 1583 1599 1699 2214 2376 2718 2721 3120 3855 4008 4009 4010 4011 4012 4013 4014 4015 4016
8 14 21 49 51 58 60 68 72 85 122 124 157 158 171 184 208 217 219 220 245 247 252 271 274 303 306 338 368 371 398 401 417 419 422 425 444 459 476 477 493 495 499 506 510 516 523 560 639 746 775 791 817 839 842 850 864 903 915 1021 1034 1101 1111 1195 1281 1345 1347 1355 1419 1576 1616 1636 1638 1657 1664 1673 1678 1680 1699 1720 1824 2077 2182 2294 2322 2325 2331 2334 2351 2355 2480 2502 2551 2688 2700 2932 3063 3086 3311 3486 3493 3824 3832 4017 4018 4019 4020 4021 4022 4023 4024 4025 4026 4027 4028 4029 4030 4031 4032 4033 4034 4035 4036 4037 4038 4039 4040 4041 4042 4043 4044 4045 4046
122 1699
1 6 8 10 13 14 18 20 21 23 24 30 33 41 42 48 49 51 54 60 65 72 76 81 84 85 88 92 102 107 109 112 116 121 122 123 124 129 130 133 136 142 144 146 149 150 154 157 158 167 168 169 171 174 177 179 182 183 184 191 198 199 204 205 206 213 216 219 220 221 225 231 236 244 247 248 250 251 258 259 260 264 267 268 271 274 275 280 282 287 290 291 293 294 299 302 303 305 308 312 315 317 318 319 320 325 330 335 338 340 342 344 346 348 351 355 361 362 364 366 367 368 370 374 377 378 379 380 383 385 387 392 398 402 407 411 412 414 417 419 422 425 427 431 433 434 435 439 440 444 445 446 448 455 459 469 470 471 472 473 476 483 490 491 493 494 495 498 500 501 505 506 507 509 511 513 514 515 516 518 519 520 521 523 524 536 543 546 548 549 561 563 574 586 588 590 591 595 596 597 599 621 646 651 659 663 669 673 701 709 731 740 764 774 775 786 792 794 814 816 820 825 828 842 845 850 853 858 863 864 867 868 869 870 878 880 884 903 905 914 930 934 937 979 992 998 1003 1005 1024 1025 1051 1054 1056 1118 1122 1129 1135 1141 1149 1156 1157 1158 1169 1173 1174 1182 1208 1226 1229 1242 1243 1244 1247 1256 1289 1310 1321 1323 1334 1339 1341 1349 1401 1458 1477 1498 1506 1566 1590 1619 1636 1640 1648 1659 1664 1673 1678 1682 1687 1697 1698 1700 1702 1709 1726 1727 1750 1751 1752 1759 1772 1780 1781 1797 1827 1933 1937 1940 1946 1954 1959 1964 1970 1975 1995 2000 2002 2015 2016 2018 2019 2037 2040 2065 2077 2086 2104 2118 2122 2136 2150 2154 2179 2219 2222 2232 2243 2254 2264 2281 2288 2302 2315 2331 2358 2383 2389 2392 2419 2427 2428 2434 2435 2436 2439 2449 2470 2492 2501 2523 2557 2626 2634 2675 2687 2710 2716 2850 2858 2890 2948 2951 2975 2976 3086 3127 3190 3212 3216 3279 3590 3606 3674 3718 3722 3747 3750 3796 3884 4047 4048 4049 4050 4051 4052 4053 4054 4055 4056 4057 4058 4059 4060 4061 4062 4063 4064 4065 4066 4067 4068 4069 4070 4071 4072 4073 4074 4075 4076 4077 4078 4079 4080 4081 4082 4083 4084 4085 4086 4087 4088 4089 4090 4091 4092 4093 4094 4095 4096 4097 4098 4099 4100 4101 4102 4103 4104 4105 4106 4107 4108 4109 4110 4111 4112 4113 4114
1 8 9 13 14 20 22 34 42 49 51 58 60 65 66 72 76 81 83 84 85 88 100 104 121 122 123 124 127 134 138 146 154 158 165 171 175 217 245 271 274 275 291 294 325 333 354 357 366 369 373 375 381 389 391 398 399 413 422 426 437 447 455 459 461 471 484 485 490 493 511 512 516 519 520 521 522 528 530 621 624 641 659 669 676 679 711 716 755 764 777 791 817 825 840 848 850 873 878 903 906 940 958 1022 1062 1082 1093 1103 1121 1122 1135 1139 1165 1173 1174 1195 1206 1208 1224 1234 1243 1244 1248 1280 1295 1298 1310 1385 1393 1446 1456 1482 1490 1521 1532 1562 1620 1625 1659 1685 1694 1706 1719 1731 1735 1738 1757 1762 1796 1824 1921 1946 2010 2024 2025 2078 2152 2219 2328 2331 2338 2339 2340 2341 2343 2344 2345 2348 2351 2352 2402 2549 2551 2608 2610 2927 3006 3020 3063 3093 3127 3182 3260 3282 3295 3323 3438 3491 3968 4105 4115 4116 4117 4118 4119 4120 4121 4122 4123 4124 4125 4126 4127 4128 4129 4130 4131 4132 4133 4134 4135 4136 4137 4138 4139 4140 4141 4142 4143 4144 4145 4146 4147
8 9 20 22 24 38 49 51 72 78 81 84 85 102 121 122 158 171 208 214 271 274 294 303 373 398 399 402 413 440 444 447 468 469 493 494 514 516 520 523 583 587 625 639 641 644 716 794 840 845 851 869 878 905 992 1021 1111 1142 1170 1206 1240 1324 1345 1355 1385 1393 1446 1456 1482 1490 1521 1532 1562 1625 1636 1646 1657 1664 1673 1685 1705 1957 1992 1993 2220 2328 2331 2338 2339 2340 2341 2343 2344 2345 2348 2351 2352 2381 2519 2551 2617 2626 2629 2870 3087 3295 3438 4148 4149 4150 4151 4152 4153 4154 4155 4156 4157 4158 4159 4160 4161 4162 4163
8 13 24 38 49 51 58 60 72 76 81 84 92 109 121 122 124 126 133 140 157 164 165 171 187 219 221 245 259 271 291 302 325 368 370 376 386 392 398 413 417 439 447 448 460 468 469 470 472 476 493 496 498 499 509 514 516 521 625 632 679 711 740 747 794 845 850 863 896 903 940 1011 1111 1131 1141 1150 1215 1218 1242 1273 1286 1310 1347 1460 1598 1646 1667 1760 1807 2086 2152 2255 2294 2311 2328 2331 2402 2439 2476 2558 2592 2692 2794 2805 2883 2932 3056 3067 3176 3307 3314 3747 3828 3850 4164 4165 4166 4167 4168 4169 4170 4171 4172 4173 4174 4175 4176 4177 4178
8 14 72 92 122 124 149 150 157 158 231 430 444 493 506 513 520 523 529 575 587 738 792 807 842 905 938 968 980 1248 1269 1404 1598 1919 1958 2080 2174 2341 2908 3526 4103 4179 4180 4181 4182 4183 4184 4185 4186 4187 4188 4189 4190 4191 4192 4193 4194 4195 4196 4197 4198 4199 4200
1 6 8 9 10 13 20 21 22 24 30 35 38 44 47 48 49 51 53 54 58 60 65 68 72 74 75 76 81 84 85 86 88 92 97 109 112 116 119 121 122 123 124 126 127 133 138 140 142 146 147 150 157 158 164 171 174 182 185 187 189 190 197 202 207 208 213 216 219 228 233 239 243 244 245 246 247 249 252 254 259 260 261 265 271 272 273 274 275 291 294 297 300 302 303 313 315 319 320 325 328 329 330 331 335 339 342 345 347 359 361 362 368 369 370 375 376 378 379 380 381 386 395 398 399 400 402 404 412 413 415 417 426 428 430 431 435 437 439 443 447 448 453 455 459 460 461 467 468 470 471 472 475 476 477 485 493 496 499 502 503 504 509 510 511 512 514 515 516 517 519 520 521 523 524 525 563 582 583 587 591 595 605 621 625 641 654 659 668 679 680 697 701 716 718 719 746 764 791 792 796 817 824 825 828 835 839 840 842 845 847 850 851 853 860 863 864 873 878 879 880 882 884 889 895 898 903 906 907 914 915 916 918 923 928 931 940 943 970 979 987 1029 1032 1034 1051 1055 1088 1095 1101 1103 1112 1119 1121 1122 1135 1141 1144 1149 1156 1161 1171 1174 1195 1199 1203 1204 1206 1215 1226 1234 1242 1244 1273 1278 1285 1286 1298 1304 1324 1345 1355 1385 1393 1413 1419 1446 1456 1482 1490 1521 1532 1562 1599 1609 1616 1625 1627 1629 1634 1636 1645 1648 1657 1658 1659 1664 1667 1668 1669 1670 1673 1678 1685 1686 1698 1699 1700 1710 1719 1720 1752 1767 1770 1775 1786 1798 1827 1922 1929 1946 1950 1962 1970 1978 2003 2008 2025 2063 2078 2086 2159 2210 2224 2254 2294 2303 2324 2328 2330 2331 2334 2338 2339 2340 2341 2343 2344 2345 2348 2349 2351 2352 2391 2473 2476 2490 2492 2502 2507 2512 2519 2548 2551 2554 2558 2584 2592 2608 2617 2622 2623 2624 2638 2692 2693 2770 2865 2897 2976 2996 3021 3048 3056 3147 3174 3179 3181 3192 3255 3308 3314 3361 3397 3430 3434 3486 3506 3559 3613 3614 3731 3747 3830 3842 3904 3947 4094 4129 4167 4201 4202 4203 4204 4205 4206 4207 4208 4209 4210 4211 4212 4213 4214 4215 4216 4217 4218 4219 4220 4221 4222 4223 4224 4225 4226 4227 4228 4229 4230 4231 4232 4233 4234 4235 4236 4237 4238 4239 4240 4241 4242 4243 4244 4245 4246 4247 4248 4249 4250 4251 4252 4253 4254 4255 4256 4257 4258 4259 4260 4261 4262 4263 4264 4265 4266 4267 4268 4269 4270 4271 4272 4273 4274 4275 4276 4277 4278 4279 4280 4281 4282 4283 4284 4285 4286 4287 4288
1 6 8 9 48 49 54 60 84 121 122 124 146 149 150 158 168 171 198 199 241 258 264 275 282 287 330 332 338 340 345 368 370 374 379 381 413 414 431 434 471 490 493 511 514 516 523 535 536 574 591 601 605 646 679 705 746 817 878 892 904 954 1003 1088 1095 1112 1121 1158 1236 1369 1375 1376 1388 1402 1404 1413 1432 1455 1468 1484 1495 1508 1523 1524 1539 1571 1590 1593 1595 1598 1604 1699 1958 2144 2210 2435 2468 2469 2470 2929 3352 4289 4290 4291 4292 4293 4294 4295 4296 4297 4298 4299 4300 4301 4302 4303 4304 4305 4306 4307 4308 4309 4310 4311 4312 4313 4314 4315 4316 4317 4318 4319 4320 4321 4322 4323 4324 4325 4326 4327 4328 4329 4330 4331 4332 4333 4334 4335 4336 4337 4338 4339 4340 4341 4342 4343
8 9 22 30 48 49 51 84 116 122 124 146 148 154 185 225 258 278 308 312 380 406 414 417 444 490 493 506 507 513 516 520 523 536 561 580 591 596 603 673 805 807 842 860 878 897 905 930 1082 1158 1172 1181 1285 1404 1458 1532 1539 1590 1598 1819 1821 1828 1958 2058 2080 2148 2832 4016 4141 4186 4187 4344 4345 4346 4347 4348 4349 4350 4351 4352 4353 4354 4355 4356 4357 4358
1 2 6 8 9 14 18 20 21 22 24 30 31 38 40 42 47 48 49 51 54 58 60 65 66 68 73 76 81 82 84 85 86 87 88 90 98 101 102 112 116 121 122 123 124 126 138 140 141 142 146 147 149 150 154 157 158 165 167 168 171 172 174 182 184 185 193 202 204 205 206 207 208 209 213 215 217 218 219 220 221 228 230 231 236 237 239 241 244 248 250 251 255 258 260 264 271 272 274 275 277 280 282 287 291 293 295 303 304 305 308 312 313 315 317 318 319 329 330 335 338 340 342 344 346 351 354 355 361 366 367 369 370 376 379 381 386 388 392 393 395 397 400 406 407 410 412 413 414 419 420 422 431 433 434 435 439 441 442 444 446 448 455 461 467 468 469 470 471 472 473 476 479 480 484 485 490 493 494 497 498 499 500 501 503 504 506 507 509 511 513 516 517 518 520 521 523 524 528 535 536 538 543 546 552 558 565 571 575 580 588 589 590 595 596 597 599 603 625 631 633 643 649 659 663 669 679 702 705 709 711 716 736 738 746 747 752 764 790 794 818 837 838 842 846 852 857 858 863 870 873 878 879 884 894 902 903 904 906 930 934 978 979 992 1021 1029 1031 1040 1051 1055 1062 1064 1074 1075 1093 1095 1098 1103 1109 1120 1121 1130 1131 1139 1166 1174 1175 1179 1183 1187 1188 1194 1206 1219 1226 1235 1236 1241 1242 1247 1248 1258 1268 1285 1287 1300 1308 1320 1339 1345 1368 1456 1458 1459 1507 1523 1539 1562 1576 1577 1625 1626 1627 1628 1629 1632 1644 1654 1668 1676 1682 1686 1698 1700 1726 1733 1744 1757 1765 1767 1775 1777 1789 1793 1802 1807 1827 1835 1919 1920 1934 1939 1950 1954 1958 1976 1983 2002 2003 2037 2088 2105 2120 2122 2136 2144 2148 2163 2164 2178 2179 2182 2222 2223 2231 2255 2256 2271 2281 2288 2307 2308 2319 2361 2376 2392 2427 2434 2452 2470 2492 2543 2557 2558 2614 2635 2636 2640 2663 2675 2687 2713 2757 2763 2766 2769 2784 2795 2829 2832 2838 2852 2863 2883 2887 2893 2895 2899 2911 2912 2923 2935 2942 2944 2946 2952 2954 2958 2966 2972 2983 2997 3020 3045 3071 3127 3137 3151 3174 3261 3281 3296 3302 3387 3397 3398 3420 3425 3438 3473 3534 3552 3571 3588 3623 3674 3711 3724 3728 3731 3751 3763 3774 3779 3780 3800 3993 4078 4080 4104 4161 4248 4351 4353 4359 4360 4361 4362 4363 4364 4365 4366 4367 4368 4369 4370 4371 4372 4373 4374 4375 4376 4377 4378 4379 4380 4381 4382 4383 4384 4385 4386 4387 4388 4389 4390 4391 4392 4393 4394 4395 4396 4397 4398 4399 4400 4401 4402 4403 4404 4405 4406 4407 4408 4409 4410 4411 4412 4413 4414 4415 4416 4417 4418 4419 4420 4421 4422 4423 4424 4425 4426 4427 4428 4429 4430 4431 4432 4433 4434 4435 4436 4437 4438 4439 4440 4441 4442 4443 4444 4445 4446 4447 4448 4449 4450 4451 4452 4453 4454 4455 4456 4457 4458 4459 4460 4461 4462 4463 4464 4465 4466 4467 4468 4469 4470 4471 4472 4473 4474 4475 4476 4477 4478 4479 4480 4481 4482 4483 4484 4485
76 93 148 247 273 312 407 414 444 506 507 523 533 807 881 905 968 1056 1158 1532 1554 1575 1590 1598 3526 4179 4180 4181 4188 4191 4197 4200 4344 4345 4346 4347 4348 4350 4352 4354 4355 4356 4357 4358 4486 4487 4488 4489 4490 4491 4492 4493 4494 4495 4496 4497 4498 4499 4500 4501 4502 4503 4504 4505 4506 4507 4508 4509 4510 4511 4512 4513 4514 4515 4516 4517 4518 4519 4520 4521 4522 4523 4524 4525 4526 4527 4528 4529 4530
1 6 8 14 21 22 38 47 48 49 51 60 72 78 81 84 86 90 107 112 119 121 122 124 138 142 146 157 164 165 171 172 177 185 187 200 202 208 216 219 225 236 239 245 247 249 252 253 264 274 275 282 294 302 303 308 312 317 325 339 340 361 362 368 369 370 372 374 379 382 398 399 400 402 406 413 414 423 425 435 439 444 447 453 455 459 470 471 472 485 493 495 499 509 510 511 514 515 516 519 520 523 524 559 560 565 574 587 591 605 621 625 641 668 716 726 730 740 764 790 791 814 817 822 840 850 851 853 857 863 869 878 886 902 905 906 915 929 944 950 1024 1051 1055 1077 1098 1111 1114 1122 1131 1135 1141 1144 1157 1161 1167 1169 1174 1195 1206 1208 1211 1229 1240 1242 1262 1274 1285 1309 1323 1345 1355 1385 1393 1446 1456 1482 1490 1521 1532 1562 1616 1625 1627 1633 1635 1636 1644 1657 1673 1678 1692 1698 1699 1710 1711 1724 1732 1749 1770 1786 1796 1941 1951 1994 2004 2007 2013 2040 2142 2201 2254 2286 2300 2322 2323 2325 2328 2331 2334 2335 2338 2339 2340 2341 2343 2344 2345 2348 2351 2352 2413 2490 2491 2492 2502 2584 2587 2620 2622 2623 2624 2629 2670 2671 2694 2709 2713 2780 3020 3051 3174 3175 3180 3273 3274 3276 3314 3512 4025 4161 4455 4531 4532 4533 4534 4535 4536 4537 4538 4539 4540 4541 4542 4543 4544 4545 4546 4547 4548 4549 4550 4551 4552 4553 4554 4555 4556 4557 4558 4559 4560 4561 4562 4563 4564 4565 4566 4567 4568 4569 4570 4571 4572 4573 4574 4575 4576 4577 4578 4579 4580 4581 4582 4583 4584 4585 4586 4587 4588 4589 4590 4591 4592 4593 4594 4595 4596 4597 4598 4599 4600 4601 4602 4603 4604 4605 4606 4607 4608 4609 4610 4611 4612 4613 4614 4615 4616 4617 4618 4619 4620 4621 4622
1 6 8 10 49 51 53 54 76 81 87 88 116 119 122 124 130 140 146 149 150 157 158 165 178 179 185 190 198 199 225 238 241 247 254 255 275 285 303 308 317 318 332 339 368 369 374 391 402 406 413 414 434 444 467 490 493 494 495 501 506 513 514 516 520 523 528 536 561 580 586 588 590 596 598 649 675 696 709 710 737 790 794 805 807 816 878 902 954 980 1015 1033 1046 1049 1051 1069 1087 1138 1139 1149 1158 1169 1181 1233 1285 1299 1368 1387 1402 1404 1411 1428 1432 1434 1458 1460 1476 1504 1539 1554 1583 1598 1670 1682 1700 1793 1823 1923 1958 1996 2052 2058 2076 2080 2107 2122 2131 2136 2220 2226 2341 2344 2380 2669 2682 2718 2737 2773 2805 2953 3382 3383 3526 3602 3643 3763 3770 3893 3979 4087 4186 4187 4349 4351 4352 4353 4357 4358 4376 4469 4483 4508 4623 4624 4625 4626 4627 4628 4629 4630 4631 4632 4633 4634 4635 4636 4637 4638 4639 4640 4641 4642 4643 4644 4645 4646 4647 4648 4649 4650 4651 4652 4653 4654 4655 4656 4657 4658 4659 4660 4661 4662 4663 4664 4665 4666 4667 4668
1 8 20 21 22 42 48 49 51 54 60 66 72 81 84 85 86 97 100 109 114 119 121 122 124 134 136 138 139 140 142 146 147 152 157 158 171 174 175 185 192 208 210 214 222 226 239 245 247 259 261 264 271 274 275 280 281 287 294 295 308 313 320 321 325 331 333 335 339 355 356 357 359 361 368 376 381 387 398 399 400 402 404 406 407 413 422 425 428 430 435 440 447 448 453 459 469 470 471 472 473 475 476 486 493 495 498 499 512 514 515 516 519 520 521 524 561 591 592 621 625 631 635 639 641 659 672 716 718 746 785 791 803 806 814 817 818 821 828 834 840 845 850 857 863 864 869 870 878 879 881 884 891 894 906 907 910 923 930 931 970 1156 1206 1208 1243 1257 1262 1263 1273 1281 1289 1323 1345 1347 1355 1385 1393 1446 1456 1482 1490 1521 1532 1562 1576 1609 1616 1619 1625 1629 1632 1634 1636 1645 1657 1658 1659 1664 1668 1671 1678 1680 1705 1710 1712 1741 1749 1786 1791 1795 1796 1823 1922 1939 1942 1992 1993 1996 2028 2075 2100 2130 2140 2219 2231 2240 2255 2288 2328 2331 2335 2338 2339 2340 2341 2343 2344 2345 2348 2351 2352 2355 2361 2395 2433 2481 2486 2490 2500 2502 2526 2533 2537 2552 2555 2611 2627 2694 2696 2837 2851 2879 2976 3050 3051 3062 3063 3071 3127 3147 3179 3192 3281 3295 3311 3361 3506 3947 4003 4034 4064 4094 4163 4209 4230 4247 4253 4340 4598 4669 4670 4671 4672 4673 4674 4675 4676 4677 4678 4679 4680 4681 4682 4683 4684 4685 4686 4687 4688 4689 4690 4691 4692 4693 4694 4695 4696 4697 4698 4699 4700 4701 4702 4703 4704 4705 4706 4707 4708 4709 4710 4711 4712 4713 4714 4715 4716 4717 4718 4719 4720 4721 4722 4723 4724 4725 4726 4727 4728 4729 4730 4731 4732 4733 4734 4735 4736 4737 4738 4739 4740 4741 4742 4743 4744 4745 4746 4747 4748 4749 4750 4751 4752 4753 4754 4755 4756 4757 4758 4759 4760 4761 4762 4763 4764 4765 4766 4767 4768 4769 4770 4771 4772 4773 4774 4775 4776 4777 4778 4779 4780 4781 4782 4783 4784 4785 4786 4787 4788 4789 4790 4791 4792
1 2 4 6 8 9 14 19 20 21 22 24 30 38 40 41 42 43 47 49 51 53 54 55 58 59 60 66 76 81 82 83 84 85 87 88 90 98 101 109 112 116 117 119 121 122 123 124 126 127 129 130 138 139 140 141 142 143 146 147 149 150 152 157 158 165 168 171 172 173 174 175 179 182 183 184 185 187 191 193 202 204 205 206 208 209 213 216 218 219 220 221 228 231 236 240 244 248 251 252 255 258 260 265 267 270 271 272 274 275 280 282 290 291 293 294 295 300 301 303 304 305 308 312 313 315 317 318 319 325 328 330 331 333 335 338 340 342 344 345 346 348 351 354 355 356 357 361 362 364 366 367 369 370 372 375 376 378 379 380 381 385 386 387 391 392 393 395 397 398 401 402 405 406 407 410 411 412 413 414 417 419 422 425 426 428 433 434 435 437 439 440 441 444 446 447 448 452 453 454 455 459 460 461 468 469 470 471 472 473 475 476 479 480 483 484 486 491 493 494 495 498 500 501 503 504 506 507 509 510 511 512 513 514 515 516 517 518 519 520 521 522 523 524 529 534 543 561 563 575 579 580 582 583 589 590 591 593 594 595 603 621 631 632 643 646 647 658 659 662 664 675 679 680 684 698 702 705 711 714 716 718 726 729 732 738 746 747 764 775 790 792 794 796 804 805 814 816 821 827 838 839 841 842 845 847 850 855 858 862 863 867 870 878 883 884 886 903 904 905 912 914 917 928 931 934 940 944 952 953 977 979 980 983 990 992 993 1003 1007 1027 1029 1032 1042 1045 1054 1055 1056 1057 1059 1061 1064 1067 1074 1075 1077 1098 1103 1114 1121 1122 1123 1130 1131 1135 1136 1141 1144 1148 1149 1150 1151 1156 1157 1158 1159 1165 1167 1170 1173 1179 1181 1182 1195 1200 1208 1211 1217 1219 1220 1226 1227 1228 1233 1234 1236 1240 1241 1242 1243 1244 1247 1257 1266 1270 1280 1283 1285 1289 1292 1297 1298 1307 1310 1312 1339 1345 1368 1413 1417 1427 1440 1458 1460 1466 1476 1523 1529 1567 1576 1595 1616 1619 1624 1627 1629 1651 1659 1668 1682 1694 1699 1700 1711 1712 1719 1723 1734 1736 1744 1757 1759 1762 1764 1772 1774 1777 1826 1827 1828 1835 1919 1921 1925 1927 1929 1934 1939 1952 1959 1977 1978 1994 2024 2055 2079 2088 2089 2103 2113 2116 2122 2136 2144 2148 2154 2176 2182 2188 2222 2226 2231 2232 2240 2243 2258 2270 2277 2280 2281 2305 2308 2330 2337 2351 2355 2378 2380 2402 2423 2427 2433 2435 2452 2486 2492 2512 2554 2585 2629 2635 2658 2663 2675 2692 2693 2712 2787 2806 2820 2829 2832 2851 2856 2857 2863 2875 2887 2904 2905 2927 2928 2932 2937 2952 2956 2983 3005 3015 3025 3043 3044 3127 3193 3219 3223 3234 3246 3261 3295 3300 3305 3307 3313 3320 3357 3376 3395 3409 3412 3438 3441 3480 3506 3540 3610 3614 3636 3682 3697 3718 3724 3750 3762 3823 3843 3863 3865 3898 3998 4055 4078 4080 4082 4088 4098 4100 4229 4381 4416 4428 4469 4551 4623 4724 4793 4794 4795 4796 4797 4798 4799 4800 4801 4802 4803 4804 4805 4806 4807 4808 4809 4810 4811 4812 4813 4814 4815 4816 4817 4818 4819 4820 4821 4822 4823 4824 4825 4826 4827 4828 4829 4830 4831 4832 4833 4834 4835 4836 4837 4838 4839 4840 4841 4842 4843 4844 4845 4846 4847 4848 4849 4850 4851 4852 4853 4854 4855 4856 4857 4858 4859 4860 4861 4862 4863 4864 4865 4866 4867 4868 4869 4870 4871 4872 4873 4874 4875 4876 4877 4878 4879 4880 4881 4882 4883 4884 4885 4886 4887 4888 4889 4890 4891 4892 4893 4894 4895 4896 4897 4898 4899 4900 4901 4902 4903 4904 4905 4906 4907 4908 4909 4910 4911 4912 4913 4914 4915 4916 4917 4918 4919 4920 4921 4922 4923 4924 4925 4926 4927 4928 4929 4930 4931 4932 4933 4934 4935 4936
76 85 92 99 122 150 157 247 308 391 392 403 414 444 506 523 533 561 586 592 807 902 980 1158 1404 1476 1504 1583 1598 1765 1793 2341 2380 2833 2956 3526 3605 3763 4179 4180 4181 4188 4191 4194 4200 4352 4355 4357 4440 4488 4492 4493 4498 4502 4508 4511 4513 4516 4517 4519 4523 4524 4526 4634 4638 4644 4645 4646 4647 4937 4938 4939 4940 4941 4942 4943 4944 4945 4946 4947 4948 4949 4950 4951 4952 4953 4954 4955 4956 4957 4958 4959 4960 4961 4962 4963 4964 4965 4966 4967 4968 4969 4970 4971 4972 4973 4974 4975 4976 4977 4978 4979 4980 4981 4982 4983 4984 4985 4986 4987 4988 4989 4990 4991 4992 4993 4994 4995 4996 4997 4998 4999 5000 5001
1 6 8 20 49 51 54 58 72 81 102 121 122 124 154 157 187 216 239 245 252 291 294 316 333 357 359 368 376 379 398 399 413 417 447 448 471 493 511 516 519 520 521 537 621 640 641 680 705 716 746 805 840 850 851 878 889 896 900 940 1121 1135 1142 1206 1350 1385 1393 1446 1456 1482 1490 1521 1532 1562 1625 1636 1657 1693 1731 2289 2328 2331 2335 2338 2339 2340 2341 2343 2344 2345 2348 2351 2352 2584 2610 2829 2870 2927 3175 3831 4031 5002 5003 5004 5005 5006 5007 5008
122 807 1598 1828 4186
1 8 9 20 39 48 49 51 53 60 76 81 84 88 116 121 122 124 146 150 158 167 168 169 171 177 185 231 241 306 308 316 330 339 340 358 370 379 401 413 414 439 444 448 452 469 472 493 498 500 506 516 528 536 538 560 591 646 680 711 731 746 817 818 842 853 858 873 903 916 917 943 980 1049 1051 1059 1063 1088 1095 1111 1112 1118 1149 1175 1187 1205 1226 1236 1339 1345 1365 1369 1372 1385 1401 1413 1419 1440 1461 1466 1523 1524 1529 1536 1539 1550 1551 1566 1572 1579 1582 1593 1595 1699 1777 1811 1823 2050 2080 2083 2085 2099 2104 2123 2135 2142 2151 2153 2169 2171 2177 2180 2188 2201 2235 2297 2336 2519 2664 2765 2836 3144 3148 3346 3350 3354 3397 3418 3843 3907 3973 4641 4751 4871 5009 5010 5011 5012 5013 5014 5015 5016 5017 5018 5019 5020 5021 5022 5023 5024 5025 5026 5027 5028 5029 5030 5031 5032 5033 5034 5035 5036 5037 5038 5039 5040 5041 5042 5043 5044 5045 5046 5047 5048 5049 5050 5051 5052 5053 5054 5055 5056 5057 5058 5059 5060 5061 5062 5063 5064 5065 5066 5067 5068 5069 5070 5071 5072 5073 5074 5075 5076 5077 5078 5079 5080 5081 5082 5083 5084 5085 5086 5087 5088 5089 5090 5091 5092 5093 5094 5095 5096 5097 5098 5099 5100 5101 5102 5103 5104 5105 5106 5107 5108 5109 5110 5111 5112 5113 5114 5115 5116 5117 5118 5119 5120 5121 5122 5123 5124 5125 5126 5127 5128 5129 5130 5131 5132 5133 5134 5135 5136 5137 5138 5139 5140 5141 5142 5143 5144 5145 5146 5147 5148 5149 5150 5151
1 8 10 20 24 30 38 42 47 48 49 51 54 60 65 72 76 81 84 85 88 92 103 119 121 122 124 134 140 142 146 147 150 154 157 168 171 177 189 202 206 207 208 219 225 226 234 243 245 246 247 252 254 258 260 274 275 280 291 294 300 308 313 319 325 330 331 347 355 356 359 361 368 377 380 386 389 390 398 399 400 402 407 413 420 425 429 430 439 447 448 452 459 468 470 476 486 493 499 509 510 511 514 515 516 517 519 520 521 524 528 560 591 595 621 625 639 641 648 655 662 679 716 718 719 738 746 764 792 796 817 834 840 845 850 856 857 859 863 878 879 881 891 903 906 907 918 938 987 992 1005 1034 1051 1088 1122 1135 1138 1141 1170 1204 1206 1242 1270 1278 1298 1306 1339 1345 1385 1393 1446 1456 1482 1490 1521 1532 1562 1619 1625 1629 1634 1652 1657 1669 1673 1679 1680 1694 1720 1726 1749 1764 1807 1927 1929 1978 2220 2232 2251 2313 2328 2331 2334 2335 2338 2339 2340 2341 2343 2344 2345 2348 2351 2352 2361 2399 2473 2490 2491 2492 2495 2500 2502 2512 2516 2526 2529 2572 2584 2623 2629 2670 2689 2692 2693 3051 3156 3175 3852 3947 4141 4258 4736 4872 5152 5153 5154 5155 5156 5157 5158 5159 5160 5161 5162 5163 5164 5165 5166 5167 5168 5169 5170 5171 5172 5173
1 2 4 8 9 10 14 18 20 21 22 27 30 31 38 40 42 48 49 50 51 54 55 58 60 66 72 73 76 81 83 84 85 87 88 90 92 98 99 101 102 112 114 116 119 121 122 123 124 133 138 140 142 143 146 149 150 157 158 168 171 173 174 178 182 184 185 202 204 205 206 207 208 209 213 218 219 220 221 222 228 231 232 234 236 239 244 247 248 249 251 258 260 271 272 274 275 280 282 290 291 293 294 300 303 305 306 308 312 313 315 317 318 319 329 330 331 335 338 340 342 344 348 351 354 355 361 362 363 366 367 370 376 379 381 382 386 388 389 390 392 394 398 402 404 406 407 410 412 413 414 415 417 418 419 422 423 425 426 430 431 433 434 435 441 443 444 445 446 447 448 452 453 455 459 461 465 468 469 470 471 472 476 478 480 483 484 485 486 490 493 494 495 498 499 500 501 503 504 506 507 509 511 512 513 514 515 516 517 518 519 520 521 523 524 528 530 535 536 559 563 578 581 586 587 594 595 596 603 621 631 632 639 646 651 663 669 679 705 711 716 718 725 726 727 740 767 775 794 796 798 803 805 815 826 827 829 830 839 840 850 857 860 861 863 870 873 878 881 885 891 892 896 902 903 905 906 913 914 932 938 940 944 954 980 983 1003 1005 1007 1033 1034 1051 1054 1056 1069 1089 1094 1109 1111 1137 1141 1144 1156 1166 1174 1181 1183 1194 1195 1219 1226 1228 1233 1236 1240 1241 1242 1247 1257 1269 1270 1285 1299 1308 1309 1310 1321 1324 1328 1423 1427 1432 1440 1477 1523 1576 1590 1616 1621 1627 1640 1657 1659 1673 1676 1682 1694 1699 1700 1757 1759 1760 1766 1777 1781 1793 1796 1797 1801 1823 1827 1835 1914 1919 1921 1934 1938 1942 1948 1951 1962 1964 1967 1970 1977 1993 1995 2003 2010 2019 2028 2030 2052 2055 2058 2061 2069 2100 2136 2140 2145 2146 2150 2178 2179 2188 2197 2201 2202 2219 2221 2222 2224 2239 2240 2255 2281 2288 2294 2300 2303 2305 2355 2375 2389 2417 2423 2433 2434 2452 2470 2506 2558 2562 2584 2608 2633 2635 2640 2693 2722 2786 2807 2829 2832 2837 2850 2851 2863 2875 2886 2890 2897 2899 2901 2904 2909 2911 2919 2927 2932 2942 2952 2958 2962 2976 3003 3011 3019 3043 3044 3215 3227 3240 3260 3268 3320 3386 3387 3388 3394 3412 3434 3473 3480 3483 3484 3535 3602 3613 3632 3682 3694 3697 3718 3724 3750 3764 3774 3779 4075 4077 4223 4363 4381 4387 4391 4413 4438 4467 4469 4630 4796 4797 4810 4813 4824 4854 4864 4908 4913 4933 5174 5175 5176 5177 5178 5179 5180 5181 5182 5183 5184 5185 5186 5187 5188 5189 5190 5191 5192 5193 5194 5195 5196 5197 5198 5199 5200 5201 5202 5203 5204 5205 5206 5207 5208 5209 5210 5211 5212 5213 5214 5215 5216 5217 5218 5219 5220 5221 5222 5223 5224 5225 5226 5227 5228 5229 5230 5231 5232 5233 5234 5235 5236 5237 5238 5239 5240 5241 5242 5243 5244 5245 5246 5247 5248 5249 5250 5251 5252 5253 5254 5255 5256 5257 5258 5259 5260 5261 5262 5263 5264 5265 5266 5267 5268 5269 5270 5271 5272 5273 5274 5275 5276 5277 5278 5279 5280 5281 5282 5283 5284 5285 5286 5287 5288 5289 5290 5291
122 1368 1404 4654
1 8 9 20 21 22 30 33 38 40 48 49 51 53 54 60 65 68 72 76 81 83 84 85 88 92 97 101 102 109 112 119 121 122 123 124 133 136 138 140 146 157 164 165 168 171 173 185 188 191 197 199 202 203 208 210 212 214 217 220 221 225 233 236 239 240 242 243 249 253 259 261 264 274 281 291 294 301 306 307 308 309 310 311 312 313 319 321 330 331 335 338 339 355 361 362 370 375 376 379 380 385 386 389 393 400 402 406 407 411 412 419 422 425 431 433 434 439 453 455 459 460 468 469 470 471 472 473 475 476 485 486 490 492 493 495 499 504 509 510 511 512 514 515 516 517 519 521 524 525 528 552 559 560 595 621 624 625 633 643 646 666 668 684 704 705 711 718 726 749 755 764 788 791 794 798 805 813 814 820 822 825 827 830 840 842 845 846 847 848 850 851 860 862 863 869 873 874 878 881 882 885 886 892 905 906 907 910 914 915 918 919 924 929 932 935 940 970 998 1001 1007 1021 1051 1053 1056 1077 1088 1093 1095 1096 1098 1111 1112 1114 1119 1121 1129 1131 1135 1141 1158 1168 1170 1187 1195 1208 1215 1226 1228 1244 1248 1251 1255 1256 1262 1285 1294 1298 1303 1321 1629 1645 1648 1657 1664 1666 1670 1672 1673 1674 1678 1685 1693 1698 1699 1781 1783 1786 1827 1837 1913 1914 1946 1950 1978 1991 2002 2007 2010 2013 2024 2061 2089 2097 2142 2146 2161 2224 2233 2237 2238 2243 2247 2251 2255 2270 2271 2295 2323 2331 2334 2346 2357 2402 2433 2463 2492 2502 2506 2557 2558 2608 2687 2747 2770 2820 2829 2869 2873 2897 2922 2937 3051 3055 3071 3240 3244 3255 3289 3305 3373 3376 3406 3488 3535 3571 3751 3828 3830 3831 3866 3947 3992 4016 4065 4170 4265 4369 4531 4572 4585 4688 4744 4751 4754 4763 4806 4881 5157 5252 5263 5278 5292 5293 5294 5295 5296 5297 5298 5299 5300 5301 5302 5303 5304 5305 5306 5307 5308 5309 5310 5311 5312 5313 5314 5315 5316 5317 5318 5319 5320 5321 5322 5323 5324 5325 5326 5327 5328 5329 5330 5331 5332 5333 5334 5335 5336 5337 5338 5339 5340 5341 5342 5343 5344 5345 5346 5347 5348 5349 5350 5351 5352 5353 5354 5355 5356 5357 5358 5359 5360 5361 5362 5363 5364 5365 5366 5367 5368 5369 5370 5371 5372 5373 5374 5375 5376 5377 5378 5379 5380 5381 5382 5383 5384 5385 5386 5387 5388 5389 5390 5391 5392 5393 5394 5395 5396 5397 5398 5399 5400 5401 5402 5403 5404 5405 5406 5407 5408 5409 5410 5411 5412 5413 5414 5415 5416 5417 5418 5419 5420 5421 5422 5423 5424 5425 5426 5427 5428 5429 5430 5431 5432 5433 5434 5435 5436 5437 5438 5439 5440 5441 5442 5443 5444 5445 5446 5447 5448 5449
8 9 18 40 55 60 116 122 154 179 189 206 225 296 355 379 430 480 490 520 576 788 807 876 905 983 1075 1158 1172 1261 1933 2037 2080 2805 3406 3643 4652 4658 5450 5451 5452 5453 5454
8 9 21 38 47 48 49 51 60 65 72 76 78 81 84 85 88 97 109 112 121 122 124 140 146 158 164 172 174 208 210 219 221 225 243 252 259 260 271 274 294 304 313 316 345 362 373 387 398 399 402 404 407 413 418 425 426 430 431 434 447 448 459 463 470 471 493 509 511 512 514 516 517 519 520 524 528 559 587 621 641 668 716 790 800 840 846 858 859 873 878 882 893 905 915 940 1114 1135 1149 1195 1206 1225 1244 1278 1311 1385 1393 1446 1456 1482 1490 1521 1532 1562 1625 1657 1678 1685 1698 1699 1739 1766 1772 2251 2289 2302 2328 2331 2338 2339 2340 2341 2343 2344 2345 2348 2351 2352 2390 2401 2402 2486 2502 2512 2747 2899 2932 2951 3050 3051 3055 3056 3486 3830 4151 4687 4703 4713 4736 4757 5218 5413 5421 5438 5439 5455 5456 5457 5458 5459 5460 5461 5462 5463 5464 5465 5466 5467 5468 5469 5470 5471 5472 5473 5474 5475 5476 5477 5478 5479
1 6 8 9 10 14 18 20 22 29 30 35 38 40 43 47 48 49 50 51 53 55 60 64 66 72 73 75 81 83 84 98 109 112 116 121 122 123 124 126 131 138 142 143 146 153 154 157 158 165 168 171 175 179 191 198 202 207 210 211 216 221 228 236 237 238 252 255 259 264 272 275 282 285 290 294 307 308 319 329 330 339 340 355 359 361 369 370 371 372 374 376 377 379 380 381 386 392 401 402 407 414 422 424 425 426 432 436 442 446 448 459 461 463 468 469 471 472 475 476 478 479 484 485 490 498 503 504 509 511 512 514 516 517 519 520 521 524 536 548 576 579 583 589 590 598 603 626 631 644 649 655 659 667 684 702 711 716 746 749 764 790 797 805 807 815 818 824 842 845 847 860 863 870 876 878 882 884 896 932 936 937 953 957 983 998 1012 1043 1054 1056 1067 1075 1089 1098 1101 1105 1112 1118 1130 1136 1137 1139 1144 1156 1158 1172 1173 1182 1191 1208 1219 1226 1228 1230 1233 1236 1241 1242 1243 1244 1257 1268 1285 1292 1323 1335 1345 1368 1404 1423 1427 1446 1447 1458 1460 1484 1510 1564 1569 1576 1605 1624 1625 1627 1629 1659 1662 1671 1676 1682 1721 1722 1723 1736 1745 1757 1765 1766 1774 1775 1793 1795 1796 1797 1818 1821 1828 1920 1935 1938 1940 1954 1957 1958 1992 2002 2015 2021 2024 2058 2078 2080 2102 2103 2131 2136 2148 2164 2176 2179 2209 2226 2271 2302 2305 2350 2376 2380 2402 2427 2430 2438 2466 2512 2533 2561 2581 2608 2609 2610 2663 2675 2710 2720 2747 2773 2780 2800 2805 2806 2826 2829 2832 2842 2846 2852 2858 2875 2909 2932 2935 2937 2944 2946 2956 2964 2975 2976 2987 3003 3008 3026 3114 3115 3120 3136 3203 3208 3315 3323 3343 3395 3397 3399 3409 3502 3505 3526 3578 3585 3586 3598 3620 3643 3680 3702 3718 3748 3893 4087 4140 4169 4187 4349 4352 4353 4354 4356 4357 4358 4399 4414 4452 4467 4469 4480 4484 4623 4628 4652 4654 4657 4658 4813 4827 4838 4864 4891 4913 4925 5204 5225 5451 5454 5480 5481 5482 5483 5484 5485 5486 5487 5488 5489 5490 5491 5492 5493 5494 5495 5496 5497 5498 5499 5500 5501 5502 5503 5504 5505 5506 5507 5508 5509 5510 5511 5512 5513 5514 5515 5516 5517 5518 5519 5520 5521 5522 5523 5524 5525 5526 5527 5528 5529 5530 5531 5532 5533 5534 5535 5536 5537 5538 5539 5540 5541 5542 5543 5544 5545 5546 5547 5548 5549 5550 5551 5552 5553 5554 5555 5556 5557 5558 5559 5560 5561 5562 5563 5564 5565 5566 5567 5568 5569 5570 5571 5572
1 2 4 6 8 13 14 18 20 21 22 24 29 30 31 38 40 41 42 44 48 49 51 53 54 55 58 59 60 66 73 76 81 84 85 86 87 90 92 95 98 102 107 109 112 119 121 122 123 124 126 131 138 140 142 143 146 149 150 152 154 157 158 165 167 168 169 171 172 173 174 177 179 182 184 185 198 204 205 206 208 211 213 216 217 218 219 220 231 232 233 236 237 238 242 244 246 248 249 251 255 258 259 260 264 269 271 272 274 275 280 282 285 291 293 294 299 303 305 307 312 313 314 315 317 318 319 320 325 330 333 335 338 340 342 344 348 349 351 354 355 359 361 362 366 367 368 369 370 376 378 379 381 384 386 389 391 392 393 398 401 406 407 410 412 414 419 420 422 424 425 426 430 433 434 435 436 439 440 441 444 446 447 448 452 455 459 467 468 469 470 471 476 478 485 493 494 495 498 500 501 503 506 507 509 510 511 512 513 514 515 516 517 519 520 521 522 523 524 530 531 535 536 558 560 566 575 576 582 583 586 590 603 624 625 629 639 659 662 673 679 680 691 697 706 709 711 716 718 722 725 726 727 729 730 732 740 746 747 752 764 774 790 792 796 805 811 814 817 824 826 827 830 832 845 848 849 850 852 854 858 863 867 870 873 878 882 892 893 896 903 905 912 914 928 929 931 938 944 958 972 980 983 990 1007 1024 1028 1029 1033 1034 1046 1047 1051 1055 1056 1059 1068 1069 1075 1089 1091 1098 1106 1112 1118 1124 1131 1144 1151 1153 1158 1165 1185 1187 1191 1193 1200 1225 1228 1229 1237 1240 1241 1244 1257 1278 1285 1286 1297 1344 1345 1349 1368 1417 1432 1458 1472 1523 1576 1577 1603 1619 1622 1624 1627 1633 1636 1644 1651 1659 1676 1678 1682 1692 1694 1699 1700 1714 1722 1759 1762 1775 1780 1789 1793 1796 1801 1805 1827 1921 1927 1933 1934 1940 1950 1954 1963 1976 1977 1992 1995 1996 2002 2024 2025 2058 2061 2076 2077 2078 2101 2102 2122 2131 2134 2144 2148 2154 2163 2179 2182 2184 2189 2201 2208 2222 2228 2231 2242 2243 2255 2257 2269 2272 2276 2295 2375 2382 2402 2411 2423 2427 2434 2450 2486 2522 2523 2581 2608 2623 2634 2635 2663 2693 2745 2756 2805 2807 2818 2819 2820 2821 2852 2898 2899 2901 2904 2919 2924 2932 2945 2946 2952 2958 2975 2976 2996 3003 3019 3020 3025 3043 3071 3137 3320 3369 3371 3387 3392 3397 3401 3423 3427 3453 3459 3480 3481 3484 3488 3502 3505 3512 3535 3540 3559 3561 3562 3568 3571 3611 3671 3677 3705 3711 3712 3731 3732 3750 3751 3774 3779 3800 3810 3831 3879 3887 4050 4078 4087 4092 4171 4206 4231 4308 4361 4363 4381 4382 4387 4394 4398 4404 4413 4424 4430 4433 4445 4461 4466 4469 4477 4480 4630 4658 4754 4798 4813 4821 4861 4868 4876 4891 4896 4898 4949 5200 5202 5246 5248 5255 5258 5263 5458 5486 5498 5501 5505 5509 5518 5556 5572 5573 5574 5575 5576 5577 5578 5579 5580 5581 5582 5583 5584 5585 5586 5587 5588 5589 5590 5591 5592 5593 5594 5595 5596 5597 5598 5599 5600 5601 5602 5603 5604 5605 5606 5607 5608 5609 5610 5611 5612 5613 5614 5615 5616 5617 5618 5619 5620 5621 5622 5623 5624 5625 5626 5627 5628 5629 5630 5631 5632 5633 5634 5635 5636 5637 5638 5639 5640 5641 5642 5643 5644 5645 5646 5647 5648 5649 5650 5651 5652 5653 5654 5655 5656 5657 5658 5659 5660 5661 5662 5663 5664 5665 5666 5667 5668 5669 5670 5671 5672 5673 5674 5675 5676 5677 5678 5679 5680 5681 5682 5683 5684 5685 5686 5687 5688 5689 5690 5691 5692 5693 5694 5695 5696 5697 5698 5699
8 20 48 49 58 72 80 81 88 97 121 122 124 146 158 208 219 239 243 259 261 271 274 294 303 330 361 375 376 398 399 413 423 425 447 449 461 476 493 519 520 523 524 641 679 680 705 716 791 817 830 840 850 851 864 873 878 907 1144 1206 1338 1385 1393 1446 1456 1482 1490 1521 1532 1562 1625 1657 1678 1962 2146 2328 2331 2338 2339 2340 2341 2343 2344 2345 2348 2351 2352 2402 2418 2502 2525 2552 2624 2976 3175 3179 3236 3278 3486 3830 4230 4247 4253 4396 4909 5700 5701 5702 5703 5704 5705 5706 5707 5708 5709 5710 5711
2 6 8 9 14 18 19 20 22 29 30 35 38 40 42 46 47 48 49 50 51 53 56 58 59 60 63 65 72 73 81 83 84 88 97 102 112 116 119 121 122 123 124 126 138 140 142 146 147 152 154 157 164 165 171 172 174 177 179 191 202 209 215 216 225 228 232 238 250 255 259 264 275 278 279 282 285 294 296 302 307 308 313 330 339 340 345 349 355 357 359 369 370 373 376 377 379 380 381 385 389 392 400 401 402 414 419 422 424 426 436 437 446 448 455 461 468 471 472 474 475 476 479 485 490 498 503 504 509 510 511 512 514 516 518 519 520 521 524 525 530 536 549 576 583 586 588 589 590 591 595 603 624 626 631 632 643 644 649 662 669 696 697 701 716 724 732 746 749 756 764 788 794 797 804 805 807 818 824 853 855 860 863 868 870 878 879 884 886 888 904 905 906 912 914 920 921 932 937 940 953 972 977 980 983 987 992 1043 1046 1048 1049 1052 1054 1075 1079 1094 1098 1101 1103 1105 1112 1114 1121 1126 1129 1136 1139 1144 1149 1156 1157 1158 1161 1170 1172 1182 1196 1199 1204 1208 1219 1241 1242 1243 1247 1257 1261 1265 1267 1285 1321 1324 1325 1335 1349 1351 1368 1387 1404 1447 1458 1460 1484 1510 1523 1539 1576 1598 1619 1622 1624 1625 1627 1628 1629 1643 1651 1662 1682 1693 1721 1722 1736 1765 1766 1771 1775 1793 1795 1797 1801 1816 1818 1827 1923 1954 1967 1992 1996 2002 2015 2021 2040 2058 2076 2078 2080 2102 2107 2118 2122 2164 2179 2223 2226 2258 2259 2264 2270 2272 2297 2302 2307 2311 2318 2330 2358 2376 2380 2402 2430 2435 2462 2466 2533 2584 2608 2609 2633 2663 2710 2711 2722 2773 2787 2805 2815 2826 2832 2851 2898 2909 2937 2944 2946 2964 2974 3025 3127 3136 3393 3459 3490 3518 3526 3528 3530 3578 3586 3598 3605 3628 3643 3680 3702 3724 3747 3748 3781 3805 3866 3893 4060 4104 4105 4110 4173 4187 4195 4302 4351 4353 4358 4414 4442 4445 4447 4467 4480 4482 4484 4623 4628 4652 4654 4658 4795 4813 4827 4838 4850 4891 4979 5163 5451 5452 5453 5480 5483 5485 5486 5487 5489 5491 5493 5495 5500 5502 5505 5506 5507 5509 5511 5513 5514 5516 5518 5519 5526 5528 5529 5531 5533 5537 5539 5540 5542 5543 5545 5546 5547 5549 5550 5552 5556 5557 5559 5561 5562 5564 5565 5566 5569 5571 5572 5576 5584 5599 5620 5712 5713 5714 5715 5716 5717 5718 5719 5720 5721 5722 5723 5724 5725 5726 5727 5728 5729 5730 5731 5732 5733 5734 5735 5736 5737 5738 5739 5740 5741 5742 5743 5744 5745 5746 5747 5748 5749 5750 5751 5752 5753 5754 5755 5756 5757 5758 5759 5760 5761 5762 5763 5764 5765 5766 5767 5768 5769 5770 5771 5772 5773 5774 5775 5776 5777 5778 5779 5780 5781 5782 5783 5784 5785 5786 5787 5788 5789 5790 5791 5792 5793
1 2 8 10 13 14 22 30 40 48 49 51 54 58 60 76 81 84 101 109 116 121 122 123 126 138 142 158 174 175 183 190 202 213 238 307 313 314 316 330 346 354 355 369 379 380 386 398 402 407 408 439 448 468 470 476 485 503 511 518 519 520 521 525 563 571 590 625 673 684 689 702 711 746 768 782 807 824 845 859 863 873 878 928 936 954 992 998 1051 1057 1166 1205 1215 1233 1236 1279 1325 1335 1347 1368 1387 1432 1440 1465 1476 1487 1496 1521 1535 1558 1583 1599 1605 1627 1670 1682 1686 1719 1771 1795 1827 1939 2007 2074 2076 2116 2120 2181 2188 2192 2455 2512 2608 2728 2780 2846 2910 2927 2956 2997 3044 3076 3187 3190 3213 3217 3312 3370 3379 3389 3412 3449 3472 3717 3889 3958 4058 4068 4103 4171 4310 4380 4489 4632 4635 4899 4913 4915 5243 5252 5682 5794 5795 5796 5797 5798 5799 5800 5801 5802 5803 5804 5805 5806 5807 5808 5809 5810 5811 5812 5813 5814 5815 5816 5817 5818 5819 5820 5821 5822 5823 5824 5825 5826 5827 5828 5829 5830 5831 5832 5833 5834 5835 5836 5837 5838 5839 5840
1 5 6 8 9 20 22 27 33 38 39 44 49 51 54 55 58 78 84 88 117 121 122 124 149 150 158 167 168 171 219 231 236 241 244 254 306 308 316 318 369 379 406 413 414 437 439 440 444 448 469 493 498 500 508 511 516 536 561 591 640 646 731 746 807 817 829 858 902 906 917 943 1006 1024 1034 1051 1077 1088 1095 1111 1112 1158 1170 1226 1256 1369 1371 1372 1413 1419 1432 1466 1502 1521 1523 1529 1539 1564 1575 1579 1582 1593 1722 1777 1951 1952 2008 2028 2083 2089 2099 2102 2169 2257 2318 2350 2423 2438 2470 2486 2490 2789 2831 3079 3149 3354 3370 3923 3931 3958 3979 4324 4754 5298 5841 5842 5843 5844 5845 5846 5847 5848 5849 5850 5851 5852 5853 5854 5855 5856 5857 5858 5859 5860 5861
8 14 22 49 51 54 72 81 84 121 122 124 138 157 179 208 213 233 245 274 294 303 331 335 340 368 376 398 399 413 425 426 433 444 447 449 467 469 471 477 493 506 519 520 523 528 639 641 716 819 840 847 850 878 939 1111 1114 1206 1385 1393 1446 1456 1482 1490 1521 1532 1562 1625 1657 1760 1797 2025 2100 2328 2331 2335 2338 2339 2340 2341 2343 2344 2345 2348 2351 2352 2699 2944 3278 3540 3672 3697 4089 4310 5225 5458 5862 5863 5864 5865
1 6 8 9 10 13 14 18 19 20 22 29 30 35 38 40 42 46 47 48 49 50 51 53 54 56 58 59 60 63 65 66 72 73 76 81 83 84 85 86 88 92 97 102 112 116 117 119 121 122 123 124 126 138 140 142 146 147 149 152 154 157 164 165 167 168 171 172 174 177 179 187 191 199 202 209 211 215 216 221 222 225 228 232 238 242 250 255 259 264 275 278 279 280 282 285 294 295 296 302 307 308 313 316 319 329 330 339 340 345 349 355 357 359 369 370 371 372 373 376 377 378 379 380 381 385 386 389 392 394 398 400 401 402 414 419 422 424 426 436 437 440 442 443 446 448 453 455 461 468 469 471 472 473 474 475 476 478 479 480 485 490 498 500 503 504 509 510 511 512 514 516 518 519 520 521 524 525 530 536 544 549 552 559 573 576 583 585 586 588 589 590 591 595 596 600 603 621 624 626 631 632 644 649 662 669 679 681 697 701 716 724 732 734 737 746 749 756 764 788 792 794 797 804 805 807 808 818 824 831 842 845 848 853 855 860 863 868 870 876 878 884 886 888 899 904 905 906 912 914 917 920 921 932 934 937 938 940 944 953 972 977 980 983 987 992 998 1005 1022 1029 1043 1046 1048 1049 1052 1054 1075 1077 1079 1094 1098 1101 1103 1105 1112 1114 1121 1124 1126 1129 1136 1139 1144 1149 1156 1157 1158 1161 1170 1172 1182 1196 1199 1204 1208 1212 1219 1228 1231 1232 1234 1241 1242 1243 1247 1257 1261 1265 1267 1285 1289 1292 1300 1321 1324 1325 1335 1338 1341 1349 1351 1368 1402 1404 1425 1428 1440 1447 1458 1460 1466 1484 1510 1523 1539 1554 1576 1590 1598 1619 1622 1624 1625 1627 1628 1629 1633 1643 1654 1662 1682 1687 1721 1722 1736 1765 1766 1771 1774 1775 1790 1793 1795 1797 1801 1816 1818 1827 1849 1919 1923 1940 1954 1967 1972 1992 1995 1996 2002 2010 2015 2021 2040 2041 2058 2074 2076 2080 2088 2102 2118 2122 2163 2164 2179 2180 2223 2226 2243 2258 2259 2270 2271 2272 2297 2302 2307 2311 2318 2330 2341 2354 2358 2361 2376 2380 2402 2427 2430 2435 2462 2466 2470 2486 2533 2584 2608 2609 2626 2633 2663 2710 2711 2722 2757 2773 2781 2787 2805 2815 2826 2829 2832 2842 2851 2852 2898 2909 2937 2938 2944 2946 2964 2974 2976 2996 3025 3127 3136 3160 3192 3231 3250 3393 3399 3425 3434 3459 3473 3489 3490 3496 3518 3526 3528 3530 3572 3578 3586 3598 3605 3628 3643 3680 3702 3724 3747 3748 3750 3779 3781 3805 3808 3856 3866 3893 3958 4003 4044 4060 4075 4080 4087 4104 4105 4110 4140 4173 4187 4195 4302 4349 4351 4353 4358 4391 4414 4442 4445 4447 4467 4469 4480 4482 4484 4623 4628 4637 4638 4640 4649 4652 4654 4658 4659 4665 4694 4744 4795 4806 4813 4827 4838 4850 4891 4968 4979 5163 5371 5451 5452 5453 5480 5483 5485 5487 5489 5491 5493 5495 5500 5502 5505 5506 5507 5509 5511 5513 5514 5516 5518 5519 5526 5528 5529 5531 5533 5537 5539 5540 5542 5543 5545 5546 5547 5549 5550 5552 5556 5557 5559 5561 5562 5564 5565 5566 5569 5571 5572 5576 5584 5599 5620 5665 5712 5713 5714 5716 5717 5718 5719 5720 5721 5722 5724 5725 5726 5728 5729 5730 5731 5732 5733 5734 5735 5736 5738 5739 5740 5741 5742 5743 5744 5745 5747 5748 5750 5751 5752 5753 5754 5755 5758 5759 5760 5761 5763 5764 5765 5766 5767 5768 5769 5770 5771 5772 5774 5775 5776 5777 5778 5779 5780 5785 5786 5788 5789 5790 5791 5792 5793 5866 5867 5868 5869 5870 5871 5872 5873 5874 5875 5876 5877 5878 5879 5880 5881 5882 5883 5884 5885 5886 5887 5888 5889 5890 5891 5892 5893 5894 5895 5896 5897 5898 5899 5900 5901 5902 5903 5904 5905 5906 5907 5908 5909 5910 5911 5912 5913 5914 5915 5916 5917 5918 5919 5920 5921 5922 5923 5924 5925 5926 5927 5928 5929 5930 5931 5932 5933
1 6 8 9 20 22 48 49 51 53 54 58 60 72 76 81 83 84 85 88 97 109 112 119 121 122 124 126 138 140 146 154 157 158 171 172 182 208 213 214 217 221 239 249 252 268 271 274 275 280 291 294 313 319 325 329 330 331 333 339 361 369 370 373 374 376 379 380 386 392 398 399 400 401 402 411 413 423 425 435 439 443 447 448 453 459 470 471 473 475 476 484 485 490 493 498 503 504 509 511 512 514 515 516 519 520 521 528 536 537 581 595 597 600 621 625 641 646 673 679 680 701 705 711 716 718 719 746 775 791 792 794 800 804 820 826 827 830 839 840 842 850 855 857 860 863 873 878 882 889 892 896 900 904 905 906 910 913 914 917 919 920 928 940 970 1005 1034 1103 1129 1131 1141 1144 1196 1203 1206 1208 1234 1240 1244 1280 1295 1339 1350 1385 1393 1446 1456 1482 1490 1521 1532 1562 1599 1622 1624 1625 1636 1645 1657 1659 1668 1673 1678 1713 1733 1752 1762 1771 1795 1978 2008 2010 2028 2100 2140 2220 2256 2294 2300 2303 2310 2328 2331 2334 2338 2339 2340 2341 2343 2344 2345 2348 2351 2352 2498 2502 2506 2533 2587 2609 2616 2624 2693 3005 3063 3082 3160 3255 3259 3295 3386 3462 3491 3493 3613 3748 3823 3830 3852 4031 4105 4111 4139 4140 4170 4230 4247 4253 4396 4548 4702 4734 4872 4936 5003 5004 5007 5360 5458 5705 5934 5935 5936 5937 5938 5939 5940 5941 5942 5943 5944 5945 5946 5947 5948 5949 5950 5951 5952 5953 5954 5955 5956 5957 5958 5959 5960 5961 5962 5963 5964 5965
1 2 4 8 9 14 20 21 22 24 29 30 31 35 40 42 47 49 51 54 59 60 76 81 84 87 90 97 98 101 102 107 108 109 112 114 116 117 119 121 122 123 124 126 130 138 140 142 143 144 146 147 149 150 154 157 158 164 167 168 171 173 175 177 178 182 184 204 205 206 207 208 213 216 218 219 220 221 222 228 231 233 236 248 251 255 258 260 266 269 271 272 274 280 281 282 288 291 293 294 295 297 303 305 308 312 313 315 317 318 319 329 330 335 338 339 340 342 344 348 351 354 355 359 366 367 369 370 376 378 379 380 381 385 386 389 392 393 394 401 403 406 407 410 412 414 417 419 422 424 425 426 433 434 435 439 440 441 443 444 446 447 448 449 453 459 468 469 470 472 476 485 493 494 495 498 499 500 501 503 506 507 509 510 511 513 514 515 516 520 521 522 523 524 528 529 535 536 546 558 560 581 583 588 595 603 621 631 669 679 684 692 696 697 701 705 711 716 718 719 725 730 746 764 771 778 788 791 792 804 814 827 838 839 843 845 847 849 852 853 857 862 863 869 870 878 879 884 890 896 903 904 905 906 914 917 938 943 944 976 979 990 993 1012 1029 1032 1034 1051 1053 1056 1062 1068 1074 1088 1089 1093 1098 1131 1136 1137 1138 1139 1157 1163 1170 1175 1182 1191 1196 1200 1208 1219 1222 1226 1231 1240 1247 1256 1269 1270 1280 1285 1289 1300 1303 1313 1335 1344 1345 1364 1368 1432 1460 1506 1539 1598 1628 1629 1671 1682 1691 1693 1699 1700 1736 1738 1757 1762 1793 1796 1801 1821 1826 1860 1919 1921 1934 1935 1938 1939 1954 1977 1992 2009 2077 2079 2088 2123 2136 2148 2154 2189 2201 2208 2222 2227 2235 2238 2246 2272 2281 2286 2294 2295 2307 2362 2375 2402 2411 2434 2439 2450 2470 2554 2558 2561 2608 2623 2633 2635 2654 2661 2663 2697 2706 2710 2745 2787 2827 2835 2885 2904 2912 2923 2928 2932 2933 2934 2946 2952 2956 2958 2975 2976 3003 3019 3022 3043 3109 3181 3187 3205 3246 3320 3338 3357 3387 3412 3480 3484 3535 3564 3565 3583 3610 3624 3682 3722 3730 3774 3776 3875 3882 3890 4080 4103 4169 4195 4363 4381 4387 4394 4424 4445 4463 4469 4480 4546 4724 4813 4845 4866 4899 4961 5246 5248 5258 5263 5552 5576 5581 5590 5594 5597 5598 5599 5633 5636 5675 5840 5889 5966 5967 5968 5969 5970 5971 5972 5973 5974 5975 5976 5977 5978 5979 5980 5981 5982 5983 5984 5985 5986 5987 5988 5989 5990 5991 5992 5993 5994 5995 5996 5997 5998 5999 6000 6001 6002 6003 6004 6005 6006 6007 6008 6009 6010 6011 6012 6013 6014 6015 6016 6017 6018 6019 6020 6021 6022 6023 6024 6025 6026 6027 6028 6029 6030 6031
6 8 9 14 18 20 22 30 38 42 49 51 60 72 81 84 85 112 114 121 122 124 138 146 157 158 185 195 208 217 222 239 245 250 271 280 283 294 319 328 330 331 335 340 342 349 357 369 374 379 386 398 399 401 413 425 428 447 449 459 461 470 471 473 493 498 509 511 516 519 520 565 621 625 639 641 680 716 738 800 830 840 850 860 878 893 894 903 906 998 1024 1051 1067 1096 1114 1136 1141 1144 1163 1195 1206 1230 1234 1242 1257 1285 1345 1347 1381 1385 1393 1446 1456 1482 1490 1521 1532 1562 1619 1625 1645 1646 1657 1673 1678 1712 1795 1813 1992 2086 2189 2218 2224 2279 2294 2295 2328 2331 2334 2338 2339 2340 2341 2343 2344 2345 2348 2351 2352 2492 2502 2558 2623 3067 3175 3203 3227 3259 3390 3486 3726 3831 3995 4074 4767 5631 6032 6033 6034 6035 6036 6037 6038 6039 6040 6041 6042 6043 6044 6045 6046 6047 6048 6049 6050 6051 6052 6053 6054 6055 6056 6057 6058
1 2 5 6 8 9 12 13 14 18 20 22 24 30 35 38 39 40 42 44 47 48 49 51 53 55 58 59 60 66 72 73 75 76 81 83 84 85 86 88 92 98 101 102 103 104 106 109 112 116 119 121 122 123 124 127 129 131 138 140 142 143 146 147 148 154 157 158 164 165 167 169 171 179 183 187 188 190 191 199 205 207 211 216 221 225 228 238 244 249 255 261 262 263 264 274 275 290 292 294 295 296 299 301 307 308 313 314 318 319 320 325 327 329 330 335 339 340 345 346 354 355 359 361 362 368 369 370 376 377 378 379 380 381 385 386 389 391 392 398 400 401 402 405 406 407 410 412 414 415 418 422 424 426 435 439 440 442 443 445 446 448 449 452 455 459 461 468 469 470 471 472 473 474 475 476 479 481 485 486 490 497 498 501 503 509 510 511 512 514 516 519 520 521 524 526 530 543 546 548 549 553 556 558 561 563 565 568 569 571 572 575 576 581 585 586 587 588 589 590 591 597 603 621 624 629 631 640 651 654 657 667 672 679 680 692 696 697 698 711 716 725 729 730 732 735 741 746 747 749 759 764 790 794 797 800 805 807 812 816 818 819 824 827 830 838 839 845 853 855 863 868 870 876 878 879 880 883 884 889 890 899 905 906 928 931 932 934 936 937 954 980 983 992 1019 1020 1023 1029 1031 1032 1035 1040 1043 1046 1049 1051 1052 1055 1058 1061 1062 1064 1068 1075 1079 1087 1088 1089 1098 1112 1114 1118 1126 1130 1136 1137 1139 1143 1144 1149 1156 1158 1169 1170 1172 1174 1175 1182 1187 1190 1191 1199 1203 1208 1215 1228 1229 1231 1232 1242 1244 1247 1248 1256 1257 1267 1268 1270 1279 1285 1289 1291 1292 1300 1324 1335 1345 1349 1360 1361 1368 1400 1404 1411 1425 1432 1446 1452 1458 1477 1509 1523 1526 1539 1551 1566 1576 1590 1598 1605 1619 1621 1622 1624 1625 1627 1629 1633 1640 1648 1651 1659 1661 1662 1668 1672 1682 1686 1692 1710 1722 1736 1738 1757 1759 1761 1776 1783 1790 1793 1797 1801 1816 1819 1827 1829 1835 1919 1920 1923 1939 1945 1952 1953 1954 1964 1965 1968 1972 1977 1996 2015 2024 2025 2028 2037 2040 2052 2058 2065 2076 2077 2080 2082 2120 2122 2127 2136 2146 2149 2153 2154 2179 2180 2184 2213 2216 2218 2225 2226 2227 2257 2258 2264 2266 2271 2278 2286 2302 2305 2307 2308 2318 2330 2369 2380 2402 2411 2427 2430 2434 2438 2439 2446 2519 2523 2533 2556 2561 2575 2609 2610 2632 2636 2640 2663 2672 2675 2681 2697 2710 2722 2756 2757 2773 2776 2787 2800 2805 2807 2815 2821 2829 2832 2833 2835 2836 2845 2846 2885 2897 2919 2924 2947 2952 2976 2996 3000 3003 3005 3020 3025 3042 3071 3160 3199 3200 3208 3212 3219 3233 3246 3307 3313 3315 3383 3388 3391 3392 3393 3395 3410 3434 3455 3456 3467 3526 3534 3535 3547 3567 3586 3605 3612 3632 3643 3649 3664 3680 3694 3696 3702 3708 3717 3724 3725 3729 3747 3748 3770 3796 3799 3844 3893 3898 3907 3975 3991 4014 4055 4062 4077 4097 4111 4186 4187 4194 4195 4355 4358 4378 4391 4411 4414 4442 4445 4446 4449 4450 4467 4468 4471 4480 4482 4483 4623 4628 4640 4650 4652 4654 4656 4657 4665 4744 4818 4835 4876 4891 4902 4914 4968 4979 5006 5163 5204 5273 5452 5453 5487 5492 5500 5506 5514 5516 5517 5528 5530 5531 5535 5537 5539 5540 5562 5570 5633 5666 5684 5685 5712 5713 5719 5725 5733 5736 5737 5766 5768 5769 5792 5869 5887 5889 5890 5899 5911 5926 5983 5991 6019 6029 6045 6059 6060 6061 6062 6063 6064 6065 6066 6067 6068 6069 6070 6071 6072 6073 6074 6075 6076 6077 6078 6079 6080 6081 6082 6083 6084 6085 6086 6087 6088 6089 6090 6091 6092 6093 6094 6095 6096 6097 6098 6099 6100 6101 6102 6103 6104 6105 6106 6107 6108 6109 6110 6111 6112 6113 6114 6115 6116 6117 6118 6119 6120 6121 6122 6123 6124 6125 6126 6127 6128 6129 6130 6131 6132 6133 6134 6135 6136 6137 6138 6139 6140 6141 6142 6143 6144 6145 6146 6147 6148 6149 6150 6151 6152 6153 6154 6155 6156 6157 6158 6159 6160 6161 6162 6163 6164 6165 6166 6167 6168 6169 6170 6171 6172 6173 6174 6175 6176 6177 6178 6179 6180 6181 6182 6183 6184 6185 6186 6187 6188 6189 6190 6191 6192 6193 6194 6195 6196 6197 6198 6199 6200 6201 6202 6203 6204 6205 6206
4 6 8 14 20 22 33 38 48 49 50 51 53 55 60 72 76 81 84 85 102 112 121 122 123 124 133 142 146 157 168 171 174 216 217 225 231 239 242 244 246 250 252 259 264 291 294 295 308 332 339 340 355 361 368 374 375 376 379 395 398 399 402 413 417 426 439 443 447 448 455 459 460 470 471 473 476 485 486 490 493 495 499 504 509 510 511 514 516 518 519 520 522 524 537 587 637 640 641 656 673 716 775 790 796 800 815 817 824 830 840 850 857 864 878 880 882 889 898 904 906 907 930 938 958 970 1031 1057 1059 1103 1111 1141 1161 1166 1167 1170 1174 1182 1206 1208 1217 1229 1267 1286 1292 1308 1324 1341 1345 1385 1393 1422 1446 1456 1482 1490 1521 1532 1562 1619 1625 1629 1636 1648 1658 1664 1667 1669 1672 1679 1694 1721 1762 1796 1824 1860 1919 1972 2001 2002 2052 2104 2118 2228 2230 2255 2289 2294 2318 2322 2325 2328 2331 2335 2338 2339 2340 2341 2343 2344 2345 2348 2351 2352 2357 2395 2551 2610 2987 3176 3226 3246 3294 3314 3361 3486 3491 3747 3810 3830 4038 4064 4130 4167 4238 4250 4873 5003 5750 5944 5950 5958 6207 6208 6209 6210 6211 6212 6213 6214 6215 6216 6217 6218 6219 6220 6221 6222 6223
2136 6224 6225
6 8 10 35 49 51 72 76 81 84 85 109 112 114 115 121 122 123 124 138 142 146 150 157 165 168 171 185 208 253 271 274 282 294 302 303 325 329 332 338 355 368 374 380 398 399 413 425 432 433 447 469 493 495 504 516 519 520 523 524 591 641 679 701 716 764 804 814 840 845 860 878 917 940 1056 1117 1121 1129 1131 1141 1144 1157 1206 1211 1309 1345 1385 1393 1401 1446 1456 1482 1490 1521 1532 1562 1625 1644 1657 1678 1699 1762 2008 2271 2294 2322 2325 2328 2331 2335 2338 2339 2340 2341 2343 2344 2345 2348 2351 2352 2413 2473 2491 2554 2592 2626 2729 2996 3032 3305 3386 3522 3648 4146 4551 4573 4682 4824 4861 5177 6226 6227 6228 6229 6230 6231 6232 6233 6234 6235 6236 6237 6238 6239 6240 6241 6242 6243
1 2 6 8 9 10 13 14 19 20 22 29 30 31 35 38 40 42 44 47 49 50 51 53 54 55 56 58 59 60 66 68 72 73 74 76 81 84 85 90 92 93 97 102 103 108 109 112 116 121 122 123 124 126 127 129 130 131 138 140 141 142 146 147 148 149 152 154 157 158 165 168 171 172 174 181 184 185 187 188 190 191 199 202 207 209 214 217 221 222 225 227 228 233 238 241 242 244 252 253 255 259 263 264 272 273 275 279 283 290 294 295 302 307 308 313 319 325 329 330 335 339 340 345 355 359 361 364 366 368 369 370 373 375 376 377 378 379 380 386 387 389 392 400 403 406 407 410 413 414 417 419 422 425 426 432 436 439 440 448 453 455 459 468 469 471 472 474 475 476 478 479 480 481 484 485 490 498 501 503 504 508 509 510 511 512 514 516 518 519 520 525 526 528 530 536 548 549 556 558 569 572 576 579 581 583 586 588 589 590 598 603 621 624 629 631 643 644 649 654 659 662 678 692 697 702 711 716 718 720 724 731 738 746 747 753 755 764 768 780 786 790 804 805 807 818 824 838 842 845 848 855 860 862 863 870 878 884 886 893 904 905 906 921 932 934 937 943 953 964 980 983 987 992 993 1020 1024 1040 1043 1047 1048 1051 1052 1055 1061 1062 1064 1068 1069 1075 1077 1098 1103 1105 1110 1114 1118 1120 1123 1126 1129 1130 1136 1137 1139 1144 1149 1156 1157 1158 1163 1172 1174 1181 1185 1190 1191 1199 1203 1208 1215 1219 1227 1229 1241 1242 1243 1247 1248 1256 1257 1261 1277 1299 1300 1324 1328 1335 1341 1345 1349 1368 1382 1404 1418 1422 1446 1458 1506 1510 1523 1544 1564 1576 1598 1599 1622 1624 1625 1651 1661 1662 1682 1722 1723 1736 1757 1760 1761 1765 1766 1771 1779 1781 1783 1795 1797 1816 1818 1827 1828 1919 1923 1940 1945 1951 1954 1958 1964 1968 1970 1977 2002 2021 2024 2040 2052 2058 2074 2076 2080 2103 2122 2154 2163 2172 2178 2179 2182 2221 2225 2226 2232 2254 2255 2258 2259 2264 2272 2278 2302 2303 2307 2308 2318 2330 2336 2341 2355 2361 2375 2380 2389 2402 2427 2432 2435 2438 2519 2533 2584 2609 2610 2636 2663 2710 2711 2737 2763 2773 2787 2826 2832 2835 2844 2852 2863 2875 2898 2901 2917 2919 2935 2936 2956 2964 2976 2986 3008 3042 3045 3071 3076 3114 3127 3129 3147 3182 3200 3205 3302 3315 3391 3392 3393 3395 3406 3423 3467 3473 3484 3526 3530 3567 3570 3586 3620 3680 3702 3708 3724 3729 3740 3747 3748 3781 3788 3799 3882 4063 4080 4097 4098 4132 4186 4187 4229 4349 4351 4352 4353 4356 4357 4378 4385 4391 4414 4446 4452 4459 4469 4623 4628 4632 4637 4638 4640 4648 4650 4652 4654 4657 4658 4661 4818 4830 4850 4872 4899 4906 4968 4979 5179 5248 5257 5452 5453 5454 5484 5485 5486 5487 5489 5492 5500 5505 5506 5507 5512 5514 5516 5528 5529 5531 5533 5535 5537 5539 5542 5545 5552 5554 5559 5562 5563 5599 5614 5615 5620 5672 5713 5717 5719 5725 5728 5729 5733 5734 5735 5737 5739 5740 5743 5744 5747 5748 5753 5754 5755 5759 5760 5761 5764 5766 5767 5776 5785 5786 5789 5790 5792 5816 5820 5823 5896 5913 5927 6061 6070 6078 6080 6086 6089 6092 6118 6125 6131 6136 6147 6154 6177 6244 6245 6246 6247 6248 6249 6250 6251 6252 6253 6254 6255 6256 6257 6258 6259 6260 6261 6262 6263 6264 6265 6266 6267 6268 6269 6270 6271 6272 6273 6274 6275 6276 6277 6278 6279 6280 6281 6282 6283 6284 6285 6286 6287 6288 6289 6290 6291 6292 6293 6294 6295 6296 6297 6298 6299 6300 6301 6302 6303 6304 6305 6306 6307 6308 6309 6310 6311 6312 6313 6314 6315 6316 6317 6318 6319 6320
1 5 6 8 9 21 22 39 42 48 49 51 53 55 60 66 76 81 82 84 85 86 88 107 112 121 122 123 124 138 140 146 149 150 158 167 168 171 174 198 199 219 221 231 236 241 244 246 255 261 272 274 281 306 308 310 316 325 339 340 361 363 368 370 379 392 411 413 414 439 448 449 459 465 469 471 493 498 500 504 511 516 524 525 528 536 538 549 563 588 591 596 621 640 646 648 667 679 692 705 711 746 747 774 803 807 817 824 838 842 845 860 864 880 884 902 906 916 928 943 992 1003 1024 1049 1051 1059 1076 1082 1088 1095 1098 1111 1112 1117 1138 1140 1144 1149 1153 1158 1205 1207 1226 1236 1240 1256 1347 1365 1369 1371 1372 1375 1376 1377 1385 1401 1413 1417 1419 1432 1440 1455 1465 1466 1478 1479 1502 1506 1517 1523 1524 1536 1539 1551 1566 1572 1576 1578 1579 1582 1583 1593 1595 1598 1670 1699 1739 1777 1801 1807 1823 1923 1995 2089 2097 2099 2112 2118 2123 2135 2137 2140 2142 2150 2151 2153 2159 2161 2164 2171 2176 2177 2180 2188 2189 2201 2232 2234 2257 2410 2411 2412 2415 2428 2435 2444 2446 2449 2453 2626 2712 2778 2786 2789 2828 2831 2871 2883 2916 2929 2966 3127 3148 3180 3328 3395 3489 3600 3657 3672 3726 3823 3907 3923 3931 3958 3962 3967 3969 4055 4105 4295 4305 4310 4324 4340 4643 4838 4913 5106 5112 5260 5429 5463 5598 5650 5816 6321 6322 6323 6324 6325 6326 6327 6328 6329 6330 6331 6332 6333 6334 6335 6336 6337 6338 6339 6340 6341 6342 6343 6344 6345 6346 6347 6348 6349 6350 6351 6352 6353 6354 6355 6356 6357 6358 6359 6360 6361 6362 6363 6364 6365 6366 6367 6368 6369 6370 6371 6372 6373 6374 6375 6376 6377 6378 6379 6380 6381 6382
6 8 9 13 14 21 22 38 48 49 51 54 58 60 72 81 84 85 88 121 122 123 124 146 157 164 165 171 174 185 187 191 201 207 208 217 219 225 239 243 245 252 254 274 291 294 302 313 317 330 332 339 359 361 368 375 376 377 392 398 399 413 417 430 432 447 453 459 461 469 470 471 472 476 493 495 499 503 509 511 514 515 516 519 520 521 524 561 595 621 639 641 646 716 722 791 825 826 830 840 850 863 864 878 882 891 898 905 906 968 1105 1130 1144 1206 1244 1247 1339 1341 1345 1385 1393 1446 1456 1482 1490 1521 1532 1562 1619 1625 1636 1645 1657 1669 1673 1678 1685 1705 1720 1759 1788 1986 1993 2008 2010 2014 2100 2220 2294 2313 2328 2331 2334 2335 2338 2339 2340 2341 2343 2344 2345 2348 2351 2352 2395 2500 2502 2523 2551 2557 2616 2623 2658 2689 2895 3226 3317 3569 3831 3947 4146 4230 4686 4714 4785 5471 5601 5804 6208 6383 6384 6385 6386 6387 6388 6389 6390 6391 6392 6393 6394 6395 6396 6397 6398 6399 6400 6401 6402 6403
1 6 8 9 10 11 13 14 17 19 20 21 22 29 30 35 41 42 43 44 48 49 50 51 53 55 58 59 60 66 72 73 75 76 81 83 84 85 88 90 97 102 103 108 112 116 117 121 122 123 124 126 129 130 131 133 138 140 141 142 146 147 148 149 154 157 164 166 168 171 172 174 175 179 181 187 188 190 191 199 200 202 203 207 209 211 216 217 225 228 230 232 233 238 249 250 255 259 262 264 266 267 271 272 275 279 281 287 290 291 294 299 302 304 308 310 313 319 325 329 330 335 339 340 345 346 349 355 357 359 361 362 368 369 370 372 373 374 375 376 377 378 379 380 381 385 386 389 391 392 393 394 398 400 401 402 406 407 410 414 415 420 421 422 424 426 437 442 443 445 446 448 455 457 459 463 465 468 469 471 472 473 474 475 476 478 479 485 486 490 498 503 504 508 509 510 511 512 513 514 516 518 519 520 521 524 529 530 531 543 548 549 558 560 569 572 575 576 579 580 581 586 589 590 595 597 598 603 610 621 624 631 632 643 644 654 669 679 684 698 702 706 712 716 730 731 732 737 738 741 746 752 753 759 764 767 774 778 785 786 790 794 805 807 818 819 824 828 838 848 855 861 863 870 878 884 903 904 905 906 914 934 937 943 953 954 964 972 980 983 987 992 1012 1023 1024 1025 1027 1031 1033 1043 1044 1048 1051 1054 1056 1074 1075 1077 1086 1087 1093 1094 1098 1101 1103 1110 1114 1118 1121 1123 1126 1130 1136 1137 1139 1141 1144 1149 1151 1156 1157 1158 1169 1172 1181 1190 1191 1193 1196 1199 1203 1226 1227 1233 1236 1242 1256 1257 1265 1267 1285 1286 1289 1299 1300 1304 1324 1335 1345 1347 1368 1382 1404 1411 1446 1458 1476 1506 1507 1509 1523 1526 1564 1576 1598 1619 1623 1624 1625 1629 1651 1655 1659 1661 1662 1664 1676 1722 1736 1738 1759 1761 1766 1770 1783 1791 1795 1797 1806 1818 1819 1823 1827 1828 1829 1849 1934 1951 1953 1954 1955 1958 1962 1968 1992 1995 2002 2008 2021 2024 2027 2040 2058 2074 2076 2080 2103 2120 2122 2131 2163 2179 2180 2182 2219 2226 2232 2242 2246 2254 2258 2259 2264 2265 2270 2271 2272 2276 2286 2288 2302 2305 2308 2326 2330 2345 2355 2361 2375 2376 2402 2417 2427 2430 2434 2435 2439 2441 2470 2486 2507 2510 2533 2561 2562 2589 2608 2610 2614 2616 2663 2690 2710 2711 2737 2763 2764 2765 2773 2787 2798 2800 2806 2819 2820 2826 2832 2844 2845 2846 2852 2858 2863 2875 2905 2919 2936 2938 2944 2946 2959 2974 2975 2979 2986 3008 3020 3025 3042 3071 3076 3114 3120 3129 3136 3160 3182 3205 3219 3227 3258 3314 3315 3323 3329 3367 3374 3391 3395 3409 3423 3434 3459 3467 3473 3502 3526 3528 3530 3562 3567 3583 3586 3601 3618 3620 3639 3646 3651 3680 3694 3702 3709 3718 3724 3725 3740 3772 3773 3782 3785 3788 3801 3805 3866 3882 3893 4058 4060 4097 4187 4195 4349 4351 4352 4353 4356 4357 4368 4378 4391 4399 4414 4446 4451 4452 4469 4482 4484 4628 4648 4654 4656 4657 4658 4661 4665 4736 4754 4795 4813 4821 4828 4830 4832 4839 4850 4862 4871 4872 4874 4899 4902 4906 4913 4948 4968 5117 5248 5280 5452 5454 5483 5487 5488 5489 5498 5500 5501 5504 5505 5507 5512 5514 5515 5516 5520 5523 5528 5529 5530 5531 5532 5537 5544 5545 5552 5554 5559 5562 5565 5584 5599 5603 5620 5657 5666 5668 5685 5694 5719 5720 5722 5725 5733 5735 5737 5740 5743 5744 5752 5753 5754 5759 5764 5765 5767 5776 5779 5785 5790 5792 5793 5806 5812 5820 5883 5896 5897 5902 5912 5913 5927 5983 6020 6088 6118 6136 6197 6199 6215 6252 6253 6255 6256 6257 6258 6266 6270 6271 6273 6276 6284 6288 6292 6297 6298 6299 6300 6306 6307 6311 6316 6404 6405 6406 6407 6408 6409 6410 6411 6412 6413 6414 6415 6416 6417 6418 6419 6420 6421 6422 6423 6424 6425 6426 6427 6428 6429 6430 6431 6432 6433 6434 6435 6436 6437 6438 6439 6440 6441 6442 6443 6444 6445 6446 6447 6448 6449 6450 6451 6452 6453 6454 6455 6456 6457 6458 6459 6460 6461 6462 6463 6464 6465 6466 6467 6468 6469 6470 6471 6472 6473 6474 6475 6476 6477 6478 6479 6480 6481 6482 6483 6484 6485 6486 6487 6488 6489 6490 6491 6492 6493 6494 6495 6496 6497 6498 6499 6500 6501 6502 6503 6504 6505 6506 6507 6508 6509 6510 6511 6512 6513 6514 6515 6516 6517 6518 6519 6520 6521 6522 6523 6524 6525 6526 6527 6528 6529 6530 6531 6532 6533 6534 6535 6536 6537 6538 6539 6540 6541 6542
1 2 6 8 9 10 14 19 20 22 30 31 40 42 43 44 47 49 50 51 53 54 55 60 66 68 72 73 74 76 81 83 84 85 90 92 93 97 102 108 112 116 121 122 123 124 126 130 138 140 141 142 144 146 147 148 149 152 154 157 158 165 168 171 172 174 179 185 188 190 191 199 202 207 209 214 217 221 225 227 228 238 241 242 249 252 255 259 263 264 266 272 273 275 283 285 291 294 295 301 302 307 308 313 314 315 319 325 329 330 335 339 340 345 349 355 359 361 366 369 370 372 374 375 376 377 379 380 389 392 400 401 402 406 407 410 414 417 419 421 422 425 426 436 448 453 455 459 461 468 469 471 472 474 475 478 479 481 484 485 490 498 503 504 509 510 511 512 514 516 519 520 521 525 528 530 536 548 549 561 563 568 572 579 581 582 583 586 588 589 590 591 596 603 631 643 644 649 654 659 662 667 669 678 692 697 702 711 716 724 731 738 746 747 753 755 764 780 786 790 791 805 807 811 818 824 842 845 848 860 863 870 878 884 896 905 906 920 921 932 934 953 980 983 992 1020 1040 1043 1047 1051 1052 1053 1054 1055 1061 1062 1068 1069 1075 1094 1098 1101 1103 1114 1120 1126 1129 1130 1136 1137 1139 1144 1149 1156 1157 1158 1172 1174 1181 1185 1191 1196 1199 1203 1206 1208 1215 1229 1241 1242 1243 1248 1256 1257 1261 1277 1285 1300 1323 1324 1341 1345 1349 1350 1352 1360 1368 1404 1411 1417 1418 1422 1432 1442 1446 1447 1458 1460 1513 1526 1539 1576 1590 1598 1619 1624 1625 1651 1659 1661 1682 1693 1698 1722 1736 1745 1757 1760 1761 1765 1766 1771 1773 1779 1781 1783 1797 1801 1816 1818 1827 1835 1849 1919 1920 1923 1940 1945 1954 1957 1970 1977 1996 2002 2021 2024 2052 2058 2076 2080 2103 2142 2154 2163 2172 2178 2179 2228 2255 2258 2264 2302 2307 2318 2330 2341 2355 2380 2389 2427 2430 2432 2434 2438 2470 2533 2584 2636 2663 2710 2711 2713 2719 2756 2773 2787 2800 2805 2815 2826 2832 2835 2844 2852 2864 2875 2898 2899 2901 2905 2919 2935 2936 2946 2956 2964 2974 2976 2997 3045 3071 3076 3114 3187 3200 3209 3307 3315 3393 3395 3406 3467 3473 3484 3526 3534 3567 3578 3586 3598 3612 3643 3653 3680 3693 3702 3708 3729 3747 3748 3763 3781 3799 3805 3854 3866 4050 4060 4063 4080 4098 4132 4186 4187 4349 4353 4356 4378 4391 4414 4446 4452 4459 4469 4480 4484 4623 4628 4637 4638 4640 4650 4651 4652 4654 4658 4818 4827 4850 4883 4899 4942 4968 4979 4986 5001 5179 5204 5257 5267 5452 5453 5454 5486 5487 5492 5495 5500 5505 5506 5507 5514 5516 5518 5528 5529 5531 5533 5535 5537 5539 5542 5545 5546 5552 5559 5563 5614 5615 5631 5672 5713 5717 5719 5725 5728 5732 5733 5737 5740 5741 5747 5748 5755 5764 5786 5789 5792 5816 5870 5911 5912 5913 5927 6078 6080 6086 6089 6090 6092 6118 6125 6131 6136 6147 6154 6167 6177 6246 6247 6248 6249 6250 6254 6255 6258 6259 6260 6262 6263 6264 6265 6267 6268 6269 6272 6273 6274 6275 6276 6279 6281 6282 6285 6286 6289 6290 6291 6292 6293 6294 6295 6298 6302 6303 6304 6305 6310 6312 6313 6316 6317 6318 6319 6440 6539 6543 6544 6545 6546 6547 6548 6549 6550 6551 6552 6553 6554 6555 6556 6557 6558 6559 6560 6561 6562 6563 6564 6565 6566 6567 6568 6569 6570 6571 6572
6 8 20 48 49 60 72 81 84 85 87 121 122 124 154 157 171 219 254 259 274 294 303 331 368 373 376 398 399 413 447 449 453 459 470 472 493 509 515 516 519 520 523 639 641 673 716 791 840 850 851 878 944 1206 1211 1273 1278 1322 1345 1385 1393 1446 1456 1482 1490 1521 1532 1562 1625 1631 1635 1657 1673 1680 1712 1929 2100 2313 2328 2331 2334 2335 2338 2339 2340 2341 2343 2344 2345 2348 2351 2352 2418 2491 2502 2585 3081 3180 3278 3459 3512 4230 6573 6574 6575 6576 6577 6578 6579 6580 6581 6582 6583 6584 6585
6 8 9 10 24 48 49 51 54 72 84 119 121 122 124 150 154 157 168 185 195 208 225 236 250 338 355 372 373 377 389 398 406 420 425 432 447 448 456 459 469 470 493 495 499 506 513 514 517 518 519 520 524 621 643 662 812 821 834 850 863 884 906 1005 1131 1240 1334 1345 1539 1633 1645 1664 1673 1678 1682 1711 1818 1951 2049 2140 2235 2294 2328 2331 2351 2502 2587 2623 2769 2905 2932 3086 4044 4146 4234 4396 4606 5808 6026 6227 6586 6587 6588 6589 6590
1 6 8 9 10 13 14 18 20 22 29 30 31 40 41 44 47 48 49 51 53 54 55 56 58 60 66 72 73 80 81 84 85 86 90 93 97 102 109 112 116 121 122 123 124 126 133 138 140 142 143 146 147 152 154 157 167 168 171 172 173 179 188 190 191 207 209 210 211 216 221 225 227 228 230 238 241 242 244 249 250 253 255 259 264 271 272 275 277 279 282 287 288 291 296 299 302 307 308 310 313 317 319 325 328 329 330 335 339 340 345 346 354 355 359 369 370 372 376 377 379 380 381 385 386 389 391 392 395 396 398 400 401 405 406 410 412 414 422 426 432 435 439 440 448 455 459 461 468 469 471 472 473 474 475 476 478 479 481 485 490 498 503 504 509 510 511 512 514 516 519 520 521 524 543 549 560 572 581 586 590 591 596 599 603 621 624 626 629 631 632 649 654 658 659 669 681 684 690 697 705 709 712 715 716 718 720 747 780 786 790 794 807 814 818 824 838 842 845 847 853 855 858 862 863 870 876 878 886 910 912 914 920 928 937 942 943 953 977 980 987 1019 1024 1025 1029 1047 1049 1051 1056 1059 1073 1074 1075 1087 1089 1098 1114 1121 1124 1130 1134 1136 1138 1144 1149 1155 1156 1157 1158 1172 1173 1174 1175 1181 1187 1191 1193 1196 1203 1208 1211 1225 1228 1230 1231 1232 1233 1244 1247 1256 1257 1285 1298 1304 1324 1335 1347 1352 1368 1404 1447 1454 1458 1460 1477 1484 1485 1590 1619 1622 1623 1625 1627 1632 1651 1659 1676 1682 1691 1736 1749 1757 1760 1771 1772 1774 1781 1790 1801 1818 1827 1849 1919 1920 1945 1954 1960 1964 1965 1967 1977 1996 2003 2015 2024 2063 2080 2089 2107 2120 2122 2154 2163 2172 2176 2180 2191 2213 2219 2256 2264 2270 2272 2302 2307 2318 2330 2341 2354 2355 2358 2380 2397 2402 2411 2417 2427 2429 2430 2470 2533 2562 2584 2609 2626 2633 2663 2672 2675 2710 2713 2719 2721 2747 2773 2777 2780 2800 2805 2826 2835 2846 2852 2863 2871 2905 2909 2944 2946 2976 2977 3000 3025 3114 3205 3219 3287 3302 3376 3377 3383 3392 3403 3420 3455 3473 3505 3506 3512 3526 3552 3567 3572 3590 3627 3643 3646 3680 3713 3725 3731 3781 3808 3854 3861 3886 3894 3898 4057 4087 4111 4132 4147 4161 4169 4349 4352 4353 4356 4357 4358 4368 4391 4402 4446 4452 4467 4469 4480 4483 4623 4626 4628 4637 4654 4658 4659 4665 4694 4754 4830 4906 4942 4968 4986 5001 5202 5250 5343 5371 5450 5452 5454 5486 5487 5488 5500 5504 5511 5514 5519 5520 5528 5530 5533 5537 5539 5545 5566 5633 5684 5697 5717 5719 5733 5734 5735 5742 5753 5759 5760 5778 5870 5882 5883 5888 5891 5911 5912 5913 5923 5928 5982 6089 6112 6115 6194 6250 6255 6256 6272 6299 6413 6422 6440 6461 6493 6548 6556 6591 6592 6593 6594 6595 6596 6597 6598 6599 6600 6601 6602 6603 6604 6605 6606 6607 6608 6609 6610 6611 6612 6613 6614 6615 6616 6617 6618 6619 6620 6621 6622 6623 6624 6625 6626 6627 6628 6629 6630 6631 6632 6633 6634 6635 6636 6637 6638 6639 6640 6641 6642 6643 6644 6645 6646 6647 6648 6649 6650 6651 6652 6653 6654 6655 6656 6657 6658 6659 6660 6661 6662 6663 6664 6665 6666
6 8 18 22 33 49 60 86 88 116 122 124 140 146 149 150 158 171 175 206 208 216 220 221 231 235 238 241 244 255 260 266 270 294 312 330 348 362 369 379 380 411 419 422 439 444 453 490 506 507 513 516 520 521 524 528 536 561 590 639 659 673 679 684 718 764 791 818 838 842 863 878 879 884 905 923 1029 1041 1061 1088 1181 1269 1285 1299 1324 1694 1700 1757 1797 1828 1927 1977 2037 2063 2233 2266 2355 2548 2584 2608 2693 2716 2837 3475 3833 4103 4365 4724 6010 6667 6668 6669 6670 6671 6672 6673 6674 6675 6676 6677 6678
6 38 48 51 54 60 72 81 84 102 122 124 147 154 157 177 200 202 239 274 294 361 368 371 377 378 398 399 402 413 425 447 459 461 493 499 500 515 520 591 621 641 716 764 796 821 834 837 838 840 850 878 894 944 1034 1051 1093 1135 1206 1323 1385 1393 1446 1456 1482 1490 1521 1532 1562 1625 1634 1643 1657 1664 1694 1713 1986 2150 2328 2331 2335 2338 2339 2340 2341 2343 2344 2345 2348 2351 2352 2502 2585 2924 3570 4610 4896 6679 6680 6681 6682 6683
1 2 6 8 9 10 13 14 18 19 20 22 29 31 38 40 42 44 47 48 49 50 51 53 54 55 58 60 66 72 73 80 81 84 85 86 97 102 107 108 116 121 122 124 126 129 130 131 138 143 146 147 154 157 165 167 168 171 172 173 174 179 184 190 191 199 207 209 210 211 215 216 217 225 227 228 230 232 238 241 242 255 259 264 271 272 273 275 278 288 294 295 301 307 313 318 319 325 329 330 335 340 345 349 355 361 369 370 375 377 379 380 381 385 386 389 391 395 398 400 401 406 410 412 414 417 420 422 426 432 437 439 443 445 455 459 465 468 469 470 471 472 473 474 475 476 478 479 485 490 498 500 503 504 508 510 511 512 514 516 518 519 520 521 524 525 530 536 542 548 549 552 569 572 579 581 583 586 590 591 595 596 598 599 603 624 629 631 644 662 668 669 696 697 698 701 702 705 710 716 724 732 735 738 746 753 764 770 790 791 794 805 807 816 818 824 838 842 845 848 855 858 860 862 863 870 876 878 879 884 886 888 889 896 898 912 917 920 923 928 932 934 938 953 973 977 980 983 998 1019 1020 1025 1031 1043 1046 1049 1051 1053 1054 1055 1056 1059 1060 1066 1068 1069 1075 1077 1079 1089 1095 1098 1101 1103 1114 1121 1124 1126 1136 1138 1139 1140 1144 1149 1156 1157 1158 1170 1172 1179 1187 1191 1203 1208 1211 1227 1229 1242 1243 1256 1257 1278 1285 1288 1289 1300 1304 1323 1324 1335 1345 1349 1360 1404 1411 1418 1447 1452 1454 1458 1460 1476 1477 1484 1506 1539 1590 1599 1619 1624 1625 1659 1668 1676 1682 1713 1721 1736 1752 1757 1759 1762 1771 1781 1791 1797 1798 1799 1816 1818 1826 1827 1919 1954 1960 1964 1965 1967 1977 1996 2002 2008 2015 2021 2024 2040 2041 2076 2077 2080 2082 2088 2110 2118 2120 2123 2137 2154 2172 2178 2179 2182 2188 2210 2219 2231 2244 2256 2258 2271 2272 2302 2304 2307 2318 2321 2330 2344 2358 2361 2402 2427 2430 2470 2486 2506 2519 2522 2555 2581 2609 2614 2633 2663 2687 2710 2766 2773 2780 2787 2805 2826 2832 2835 2844 2852 2863 2883 2905 2919 2932 2937 2944 2946 2964 2974 3026 3114 3137 3160 3192 3258 3307 3376 3455 3473 3505 3526 3552 3567 3571 3577 3620 3639 3651 3680 3702 3731 3748 3764 3788 3805 3808 3854 3866 3894 3907 3958 4002 4060 4087 4170 4187 4188 4349 4352 4356 4357 4358 4446 4450 4452 4469 4480 4483 4484 4492 4623 4628 4646 4650 4652 4654 4657 4658 4665 4744 4818 4883 4891 4950 4968 4992 4996 5179 5204 5288 5300 5371 5452 5454 5487 5488 5489 5498 5500 5505 5506 5514 5516 5520 5528 5532 5533 5537 5539 5542 5545 5552 5584 5602 5603 5615 5633 5669 5684 5717 5719 5725 5726 5732 5733 5735 5736 5737 5738 5740 5742 5743 5753 5759 5760 5769 5776 5793 5860 5869 5874 5883 5896 5897 5911 6068 6089 6115 6125 6185 6256 6267 6272 6292 6318 6404 6405 6409 6440 6458 6465 6499 6506 6523 6551 6567 6568 6601 6602 6609 6615 6627 6636 6655 6659 6684 6685 6686 6687 6688 6689 6690 6691 6692 6693 6694 6695 6696 6697 6698 6699 6700 6701 6702 6703 6704 6705 6706 6707 6708 6709 6710 6711 6712 6713 6714 6715 6716 6717 6718 6719 6720 6721 6722 6723 6724 6725 6726 6727 6728 6729 6730
1 6 8 9 10 12 14 17 18 20 21 22 24 25 27 31 33 38 40 42 44 46 48 49 51 53 54 55 58 60 68 75 76 81 83 84 85 86 87 88 90 92 97 98 101 102 103 104 107 109 112 114 116 119 121 122 123 124 126 133 138 139 140 142 143 146 147 150 152 154 157 158 163 164 165 168 171 172 174 177 179 180 182 185 187 190 191 193 195 200 202 204 205 206 207 208 209 212 213 214 215 216 217 218 219 220 221 228 233 236 240 242 243 244 245 246 247 248 249 250 251 252 253 255 258 259 260 264 266 267 269 270 271 272 273 274 275 278 279 280 281 282 283 286 287 291 293 294 300 301 302 303 305 307 308 311 312 313 319 321 322 325 328 329 330 331 332 335 338 339 340 344 346 347 348 351 355 358 359 361 362 363 366 367 369 370 371 375 376 377 378 379 380 381 382 385 388 389 390 392 393 394 397 398 399 400 401 402 404 405 406 407 410 411 412 415 417 419 421 422 423 424 425 426 428 430 431 434 435 437 439 440 441 443 444 446 447 448 449 452 453 455 456 459 460 461 467 468 469 470 471 472 473 475 476 479 480 482 484 485 486 491 492 493 494 495 497 498 499 500 501 503 504 506 507 509 511 512 513 514 515 516 517 518 519 520 521 523 524 528 530 534 536 543 560 561 563 573 574 575 580 582 583 586 587 588 590 592 594 595 596 621 625 631 632 639 643 646 654 659 662 663 664 667 669 673 675 679 682 684 692 697 701 705 711 716 718 719 720 726 727 729 734 737 738 746 747 755 758 764 767 770 775 777 788 790 791 792 793 794 796 803 804 806 811 812 813 814 815 816 820 822 823 824 825 826 828 829 834 835 838 839 840 842 845 846 847 848 850 852 854 855 856 857 858 859 860 861 862 863 864 867 868 869 870 873 878 881 884 886 892 893 895 896 903 904 905 906 907 910 912 914 915 917 918 919 923 928 929 934 937 938 940 942 943 954 973 975 977 980 983 987 992 993 998 1003 1014 1020 1029 1032 1034 1047 1051 1055 1056 1057 1061 1063 1074 1075 1077 1082 1088 1089 1092 1093 1095 1096 1097 1098 1100 1102 1103 1105 1106 1108 1109 1112 1113 1114 1117 1119 1122 1123 1124 1127 1131 1132 1135 1136 1138 1141 1144 1150 1152 1157 1170 1173 1174 1180 1181 1182 1186 1190 1193 1195 1196 1204 1206 1208 1212 1214 1215 1219 1226 1228 1229 1234 1236 1240 1241 1242 1243 1244 1245 1247 1248 1257 1259 1264 1266 1269 1270 1278 1284 1285 1286 1291 1294 1298 1299 1303 1304 1308 1310 1312 1313 1320 1321 1324 1334 1335 1339 1342 1344 1345 1347 1350 1356 1360 1477 1510 1523 1576 1619 1621 1627 1632 1640 1643 1646 1648 1659 1663 1670 1673 1682 1685 1686 1687 1691 1693 1694 1697 1699 1700 1704 1711 1713 1719 1721 1725 1732 1734 1744 1747 1749 1750 1759 1764 1765 1766 1767 1770 1778 1781 1796 1807 1821 1823 1826 1827 1829 1919 1920 1921 1927 1933 1934 1953 1955 1957 1959 1966 1970 1975 1980 1986 1991 1992 1994 2002 2004 2013 2024 2037 2055 2073 2077 2079 2080 2087 2089 2116 2117 2136 2148 2154 2158 2163 2178 2179 2194 2208 2220 2228 2243 2246 2247 2262 2264 2271 2294 2295 2298 2302 2307 2309 2314 2315 2319 2346 2355 2362 2367 2369 2375 2380 2389 2392 2397 2401 2402 2417 2418 2440 2470 2486 2490 2501 2506 2512 2554 2581 2608 2614 2616 2633 2656 2658 2675 2681 2687 2693 2694 2700 2764 2766 2819 2820 2821 2829 2835 2837 2852 2863 2871 2880 2890 2891 2895 2897 2904 2927 2928 2937 2952 2976 2977 2985 2994 3000 3015 3037 3045 3063 3081 3102 3151 3160 3174 3186 3187 3199 3205 3228 3240 3261 3279 3305 3313 3385 3386 3395 3410 3438 3441 3457 3473 3480 3512 3526 3544 3570 3614 3642 3682 3732 3746 3750 3804 3843 3854 3878 3958 4024 4075 4078 4079 4104 4110 4112 4163 4176 4300 4340 4351 4359 4376 4385 4399 4416 4423 4425 4468 4545 4568 4591 4631 4736 4754 4766 4796 4822 4826 4828 4849 4850 4865 4871 4872 4881 4883 4889 4909 4923 4930 4933 5157 5189 5205 5248 5251 5381 5397 5412 5422 5425 5439 5452 5471 5543 5798 5889 5973 5981 5983 5991 5996 6045 6078 6132 6140 6157 6191 6376 6481 6509 6667 6703 6731 6732 6733 6734 6735 6736 6737 6738 6739 6740 6741 6742 6743 6744 6745 6746 6747 6748 6749 6750 6751 6752 6753 6754 6755 6756 6757 6758 6759 6760 6761 6762 6763 6764 6765 6766 6767 6768 6769 6770 6771 6772 6773 6774 6775 6776 6777 6778 6779 6780 6781 6782 6783 6784 6785 6786 6787 6788 6789 6790 6791 6792 6793 6794 6795 6796 6797 6798 6799 6800 6801 6802 6803 6804 6805 6806 6807 6808 6809 6810 6811 6812 6813 6814 6815 6816 6817 6818 6819 6820 6821 6822 6823 6824 6825 6826 6827 6828 6829 6830 6831 6832 6833 6834 6835 6836 6837 6838 6839 6840 6841 6842 6843 6844 6845 6846 6847 6848 6849 6850 6851 6852
1 8 9 14 39 49 51 55 60 78 84 102 107 121 122 124 127 150 158 168 171 185 241 244 286 316 318 339 340 376 378 401 413 437 439 444 471 493 500 511 521 536 591 601 646 667 701 746 764 807 817 845 857 902 903 943 954 992 1025 1088 1095 1111 1112 1156 1165 1200 1226 1236 1291 1347 1357 1368 1369 1371 1372 1413 1419 1466 1521 1523 1524 1539 1564 1579 1582 1591 1593 1625 1661 1682 2099 2257 2276 2342 2410 2423 2427 2435 2453 2492 2929 3003 3564 3770 3820 3916 3923 5084 5855 6853 6854 6855 6856 6857 6858 6859 6860 6861 6862 6863 6864 6865 6866 6867 6868 6869 6870 6871 6872 6873
1 8 21 49 58 60 72 81 85 100 122 124 146 157 185 214 253 294 295 340 368 398 399 413 447 453 469 493 509 515 519 520 639 641 680 706 716 840 878 903 906 937 940 944 1135 1206 1226 1385 1393 1446 1456 1482 1490 1521 1532 1562 1625 1657 1983 2328 2331 2335 2338 2339 2340 2341 2343 2344 2345 2348 2351 2352 2395 2512 3093 6874 6875 6876 6877 6878 6879 6880
1 2 6 8 9 12 14 19 20 22 23 30 31 38 40 42 44 47 49 50 51 53 54 55 60 66 68 72 73 74 76 81 84 85 90 97 108 112 116 117 121 122 123 124 126 130 138 140 141 142 143 146 147 152 154 157 158 165 168 171 172 174 179 188 190 191 199 202 207 209 214 216 217 221 225 228 231 238 241 242 252 255 259 263 264 266 269 272 273 275 285 291 294 295 302 304 307 308 313 314 319 325 329 330 335 339 340 345 349 355 359 361 366 368 369 370 372 376 377 379 380 385 389 392 398 400 401 402 407 412 414 419 422 425 426 436 445 448 450 455 459 461 468 469 471 472 474 475 476 478 479 481 485 490 498 503 504 509 510 511 512 513 514 516 517 519 520 521 525 536 548 549 560 568 572 579 581 583 586 589 590 591 603 629 631 640 643 644 649 654 667 668 678 679 692 696 697 702 706 711 716 724 731 738 746 753 764 770 780 786 805 807 808 811 818 824 827 842 845 848 853 860 863 870 878 884 896 900 903 905 906 920 921 928 932 934 943 953 980 983 992 1020 1040 1046 1051 1052 1053 1054 1055 1061 1069 1075 1077 1087 1094 1101 1103 1108 1114 1118 1120 1126 1129 1136 1137 1139 1144 1149 1151 1156 1158 1170 1172 1173 1181 1185 1191 1196 1199 1208 1210 1219 1228 1229 1241 1242 1243 1248 1256 1257 1285 1298 1300 1323 1324 1345 1349 1350 1352 1360 1368 1404 1417 1418 1422 1446 1447 1458 1460 1463 1476 1484 1504 1505 1521 1526 1576 1583 1590 1598 1624 1625 1626 1627 1651 1661 1664 1682 1686 1693 1698 1736 1745 1746 1752 1760 1761 1765 1771 1773 1779 1797 1798 1818 1827 1835 1849 1919 1920 1923 1939 1940 1945 1954 1957 1970 1977 1992 1996 2002 2021 2024 2040 2052 2058 2076 2080 2103 2142 2154 2172 2178 2179 2180 2242 2255 2258 2302 2303 2307 2318 2330 2355 2361 2380 2389 2427 2430 2432 2434 2438 2486 2584 2636 2663 2710 2719 2773 2787 2826 2829 2832 2835 2844 2852 2875 2898 2899 2905 2919 2932 2935 2944 2946 2956 2964 2974 2976 2985 2997 3042 3045 3076 3114 3137 3187 3200 3205 3209 3307 3406 3409 3420 3467 3473 3484 3505 3567 3578 3583 3586 3598 3612 3639 3651 3671 3680 3702 3708 3729 3747 3748 3805 3854 3866 3958 4060 4062 4063 4087 4098 4132 4187 4349 4352 4353 4356 4357 4378 4391 4414 4450 4452 4459 4469 4480 4484 4628 4638 4640 4646 4650 4652 4654 4658 4818 4850 4899 4925 4942 4979 4986 5001 5179 5204 5257 5267 5452 5453 5454 5486 5487 5489 5492 5495 5500 5504 5505 5506 5507 5514 5516 5518 5519 5528 5531 5533 5537 5539 5542 5545 5552 5559 5563 5615 5672 5713 5717 5719 5725 5728 5732 5733 5737 5740 5741 5742 5747 5748 5755 5764 5786 5789 5793 5816 5822 5870 5911 5912 5913 5927 6080 6083 6086 6089 6090 6092 6118 6125 6136 6154 6167 6177 6194 6247 6248 6249 6250 6254 6255 6260 6263 6264 6267 6268 6269 6272 6273 6274 6275 6276 6279 6281 6282 6285 6289 6290 6292 6294 6295 6298 6302 6304 6305 6310 6313 6316 6317 6318 6319 6440 6523 6539 6544 6548 6549 6550 6551 6552 6554 6555 6556 6559 6564 6567 6568 6569 6570 6571 6684 6685 6697 6717 6719 6725 6881 6882 6883 6884 6885 6886 6887 6888 6889 6890 6891 6892 6893 6894
1 8 10 18 49 83 88 116 121 122 124 140 146 148 150 154 158 198 206 208 220 221 241 266 270 275 286 312 325 348 362 379 386 394 419 422 444 447 453 477 490 506 507 510 514 516 518 520 524 528 536 590 643 679 711 791 805 816 818 842 850 905 944 983 1029 1285 1299 1793 1823 1828 1977 2037 2163 2330 2470 2584 2693 2713 2837 3475 3783 3833 4724 6668 6670 6672 6673 6675 6677 6895 6896
1 8 10 13 14 21 38 42 48 49 51 54 58 60 72 81 84 85 97 101 121 122 124 134 136 138 146 154 157 174 178 202 208 210 214 219 234 237 239 243 245 246 252 254 274 280 291 294 300 313 315 316 331 335 342 359 361 368 369 370 377 379 382 398 399 404 413 420 422 428 430 432 444 447 459 468 470 472 485 486 493 495 503 504 509 510 511 514 515 516 519 520 524 582 587 595 605 624 625 639 641 668 679 701 716 719 738 775 814 820 821 826 839 840 842 845 850 851 857 860 873 878 881 888 889 891 896 898 903 934 937 940 944 976 1005 1020 1034 1051 1098 1111 1114 1122 1144 1182 1206 1234 1242 1243 1270 1283 1288 1304 1324 1345 1347 1385 1393 1446 1456 1482 1490 1521 1532 1562 1619 1625 1635 1636 1653 1657 1664 1668 1669 1673 1678 1685 1699 1719 1720 1764 1786 1978 2083 2086 2176 2224 2232 2239 2244 2246 2275 2294 2324 2328 2331 2334 2335 2338 2339 2340 2341 2343 2344 2345 2348 2349 2351 2352 2361 2490 2500 2502 2512 2519 2526 2529 2531 2532 2538 2539 2540 2584 2587 2617 2623 2624 2627 2670 2747 2867 3037 3062 3066 3092 3175 3287 3294 3302 3314 3947 4024 4146 4396 4669 4884 5155 5156 5422 5598 5601 5796 6026 6032 6045 6227 6897 6898 6899 6900 6901 6902 6903 6904 6905 6906 6907 6908 6909 6910 6911 6912 6913 6914 6915 6916 6917 6918 6919 6920 6921 6922 6923 6924 6925 6926
1 6 8 9 10 13 14 18 19 20 22 24 30 31 38 40 44 47 49 51 53 54 55 58 60 72 76 81 84 85 86 88 90 92 96 97 101 102 103 107 108 112 116 121 122 123 124 126 129 130 131 140 146 147 149 157 165 167 168 171 172 173 178 179 181 187 188 191 198 199 202 207 209 210 215 216 225 227 228 230 231 234 238 241 242 244 255 260 264 271 272 275 277 278 279 280 282 285 287 288 291 301 307 310 313 315 318 319 325 327 329 330 340 345 346 352 355 361 368 369 370 372 376 379 380 381 386 387 389 391 392 395 400 406 407 410 414 422 426 453 455 461 465 468 469 471 472 475 476 478 479 480 485 490 493 498 500 503 504 506 509 511 512 514 516 518 519 520 521 524 525 548 549 552 558 572 576 579 581 583 586 589 590 591 603 624 626 644 664 692 696 698 701 702 716 724 732 735 737 746 749 753 759 788 790 794 795 805 807 816 818 824 842 845 860 862 870 878 879 896 906 912 920 923 928 934 953 954 980 983 1005 1023 1025 1029 1043 1046 1051 1056 1058 1059 1064 1068 1075 1079 1089 1095 1098 1101 1110 1114 1118 1121 1124 1130 1136 1139 1144 1149 1151 1156 1157 1158 1170 1172 1191 1195 1197 1203 1208 1227 1241 1242 1243 1257 1268 1278 1285 1289 1299 1311 1324 1335 1345 1349 1368 1404 1418 1447 1451 1458 1460 1476 1477 1484 1504 1523 1526 1539 1590 1595 1619 1621 1624 1625 1628 1633 1659 1661 1681 1682 1721 1722 1738 1745 1757 1761 1765 1771 1773 1797 1816 1818 1821 1827 1828 1933 1954 1960 1963 1964 1965 1967 1977 1996 2002 2015 2016 2024 2040 2058 2080 2103 2127 2164 2172 2178 2179 2203 2226 2258 2264 2272 2302 2303 2304 2307 2318 2330 2336 2341 2345 2348 2355 2358 2361 2430 2462 2470 2519 2533 2581 2609 2632 2633 2663 2675 2710 2773 2787 2805 2806 2815 2826 2829 2832 2835 2836 2852 2883 2919 2932 2935 2938 2944 2945 2946 2956 2964 2997 3000 3003 3020 3025 3071 3115 3120 3136 3187 3192 3200 3302 3376 3455 3473 3481 3522 3526 3547 3567 3572 3578 3583 3586 3605 3643 3671 3680 3702 3713 3718 3724 3760 3765 3785 3886 3898 3907 4187 4349 4352 4353 4356 4357 4358 4446 4450 4480 4482 4484 4492 4623 4628 4629 4637 4646 4652 4657 4658 4665 4744 4813 4818 4850 4870 4909 4961 4968 5006 5202 5300 5452 5487 5488 5499 5500 5505 5509 5514 5516 5519 5523 5528 5530 5531 5533 5537 5539 5545 5552 5562 5662 5719 5726 5732 5733 5736 5738 5740 5741 5750 5753 5759 5767 5769 5776 5788 5792 5816 5869 5880 5883 5896 5897 5911 5922 5983 6026 6089 6125 6140 6151 6167 6251 6255 6272 6276 6282 6367 6389 6440 6499 6506 6523 6550 6596 6602 6603 6636 6684 6686 6693 6707 6708 6717 6722 6882 6927 6928 6929 6930 6931 6932 6933 6934 6935 6936 6937 6938 6939 6940 6941 6942 6943 6944 6945 6946 6947 6948 6949 6950 6951 6952 6953 6954 6955 6956 6957
49 90 122 150 171 213 241 270 362 389 444 494 516 524 536 589 591 600 709 791 805 902 1102 1163 1285 1302 1313 1440 1458 1828 3602 3833 4364 6958 6959
6 8 9 14 49 51 53 60 72 81 84 85 119 121 122 124 146 157 202 210 243 246 259 274 294 331 368 377 398 399 402 413 417 425 426 439 443 447 448 459 468 469 470 471 493 499 509 514 516 519 520 528 587 625 639 641 716 727 814 838 840 850 857 878 938 940 944 970 992 1034 1135 1174 1206 1265 1278 1279 1385 1393 1446 1456 1482 1490 1521 1532 1562 1625 1653 1656 1657 1720 1764 1796 1929 1970 1986 2313 2323 2328 2331 2335 2338 2339 2340 2341 2343 2344 2345 2348 2351 2352 2488 2501 2502 2512 2551 2558 2685 2689 3174 3180 3535 4258 4572 5156 5168 6351 6960 6961 6962 6963 6964 6965 6966
122 3763 4644 4645
150 158 208 220 241 507 648 1112 1299 2837 3833 4065 6668 6672
8 9 14 18 20 22 27 38 41 48 49 51 54 60 63 72 84 86 92 109 112 121 122 123 124 131 140 146 147 154 157 171 175 177 187 189 191 202 206 214 216 219 220 242 243 247 255 265 274 280 294 308 335 339 347 369 373 375 377 378 379 380 395 396 398 399 401 404 414 425 426 428 430 432 439 448 453 459 461 467 468 469 470 471 472 486 492 493 499 504 509 511 514 515 516 519 524 546 559 560 591 621 624 625 722 731 790 800 816 823 845 850 857 863 864 873 878 881 906 907 910 915 921 923 934 940 944 958 992 1043 1051 1055 1059 1101 1122 1135 1174 1195 1204 1239 1242 1243 1244 1256 1267 1270 1304 1322 1340 1345 1636 1645 1658 1659 1667 1678 1686 1732 1754 1775 1929 2008 2104 2131 2220 2302 2318 2331 2394 2502 2512 2585 2770 2780 2819 2869 2875 3067 3086 3314 3394 3427 3475 4554 4773 4906 5163 5188 5646 6637 6967 6968 6969 6970 6971 6972 6973 6974
1 8 9 21 22 33 40 42 48 49 51 66 74 75 81 84 85 86 87 101 102 103 107 108 121 122 124 130 138 149 150 158 168 171 182 185 187 191 198 202 211 212 238 241 244 255 256 265 281 282 286 310 316 330 339 340 363 376 378 380 392 393 394 400 413 432 435 439 455 459 460 465 467 472 475 476 486 493 500 501 511 516 517 519 530 536 538 549 591 594 595 601 621 631 640 646 656 657 667 704 737 749 761 769 774 775 804 817 824 829 845 857 858 878 880 886 892 904 910 915 933 943 954 957 962 980 987 1003 1024 1030 1045 1051 1054 1066 1077 1088 1095 1102 1103 1108 1112 1114 1119 1137 1155 1214 1226 1231 1236 1241 1242 1261 1285 1286 1292 1299 1312 1335 1360 1368 1369 1375 1376 1392 1401 1402 1406 1413 1417 1419 1423 1432 1455 1466 1471 1476 1479 1495 1502 1517 1523 1524 1539 1567 1579 1582 1584 1592 1593 1594 1602 1605 1643 1648 1654 1662 1670 1676 1745 1762 1796 1807 1818 1827 1923 1950 1951 1975 1998 2003 2008 2040 2089 2097 2099 2142 2145 2159 2167 2178 2181 2188 2264 2266 2271 2302 2308 2311 2328 2342 2350 2371 2408 2423 2435 2446 2449 2451 2455 2501 2640 2789 2802 2947 3035 3112 3114 3129 3133 3158 3249 3302 3329 3366 3370 3453 3484 3538 3562 3570 3605 3618 3624 3770 3820 3841 3907 3909 3950 3969 3973 4043 4063 4064 4073 4295 4305 4324 4340 4364 4385 4417 4688 4871 4873 4891 4913 5028 5112 5260 5262 5597 5612 5759 5796 5816 5836 5845 5881 6100 6143 6167 6258 6335 6340 6344 6347 6355 6362 6368 6422 6459 6464 6515 6603 6611 6642 6769 6862 6870 6975 6976 6977 6978 6979 6980 6981 6982 6983 6984 6985 6986 6987 6988 6989 6990 6991 6992 6993 6994 6995 6996 6997 6998 6999 7000 7001 7002 7003 7004 7005 7006 7007 7008 7009 7010 7011 7012 7013 7014 7015 7016 7017 7018 7019 7020 7021 7022 7023 7024 7025 7026 7027 7028 7029 7030 7031 7032 7033 7034 7035 7036 7037 7038 7039 7040 7041 7042 7043 7044 7045 7046 7047 7048 7049 7050 7051 7052 7053 7054 7055 7056 7057 7058 7059 7060 7061 7062 7063 7064 7065 7066 7067 7068 7069 7070 7071 7072 7073 7074 7075 7076 7077 7078 7079 7080 7081 7082 7083 7084 7085 7086 7087 7088 7089 7090 7091 7092 7093 7094 7095 7096 7097 7098 7099 7100 7101 7102 7103 7104 7105 7106 7107 7108 7109 7110 7111 7112 7113 7114 7115 7116 7117 7118 7119 7120 7121 7122 7123 7124 7125 7126 7127 7128 7129 7130 7131 7132 7133 7134 7135 7136 7137 7138 7139 7140 7141 7142 7143 7144 7145 7146 7147
147 149 150 198 447 6668 7148
8 122 807 878 1139 1158 1172 1425 1496 1513 1521 1536 2345 2348 2757 3646 4657 4662 5613 5780 6061 6546 6665 7149 7150 7151
6 8 13 14 19 20 22 24 38 42 43 48 49 51 53 54 60 72 76 82 84 85 88 97 109 119 121 122 123 124 126 127 133 134 146 152 154 157 164 168 171 172 174 177 185 187 202 207 208 219 250 272 274 275 280 307 315 330 331 340 348 356 358 361 376 377 379 382 386 392 398 406 412 425 426 428 432 435 444 447 448 449 453 455 459 461 470 471 472 473 477 484 493 503 509 512 514 515 516 517 519 524 595 639 646 680 718 746 780 792 794 819 821 826 828 830 834 839 842 863 867 873 881 902 906 910 928 934 940 1053 1075 1088 1095 1101 1114 1121 1129 1141 1144 1157 1173 1175 1193 1619 1636 1645 1662 1668 1670 1673 1678 1732 1735 1788 1807 1922 1992 2008 2010 2246 2271 2290 2294 2323 2328 2331 2334 2361 2418 2493 2502 2510 2512 2533 2558 2565 2610 2635 2693 2709 2897 2909 2976 3000 3175 3305 3374 3540 4140 4310 4366 4572 4606 4688 5867 6326 6383 6590 6709 7152 7153 7154 7155 7156 7157 7158 7159 7160 7161 7162 7163 7164 7165 7166 7167 7168 7169 7170 7171 7172
1 6 8 13 18 20 22 30 40 42 49 51 54 58 59 60 81 84 86 112 114 119 121 122 123 124 138 140 142 146 150 158 165 168 171 173 185 201 208 220 221 228 241 242 244 245 258 278 286 291 295 297 308 312 319 330 340 345 346 354 355 361 376 379 381 382 389 406 412 418 422 431 434 444 448 452 455 460 467 469 471 472 473 476 481 482 496 500 503 504 506 507 509 510 511 513 514 516 520 521 523 524 536 552 561 563 588 590 591 592 597 626 639 646 654 659 673 675 679 684 710 737 753 764 768 774 788 790 791 793 794 805 812 814 828 845 860 870 878 881 888 905 906 907 910 914 915 919 938 940 979 993 1019 1021 1051 1053 1055 1077 1082 1088 1105 1149 1150 1156 1174 1195 1241 1248 1270 1280 1285 1299 1312 1344 1356 1595 1629 1700 1739 1771 1775 1797 1826 1827 2008 2087 2104 2110 2355 2377 2389 2402 2554 2633 2904 2922 2937 3137 3240 3570 3750 3818 3833 4065 4365 4871 5278 5381 6010 6668 6674 7173 7174 7175 7176 7177 7178 7179 7180 7181 7182 7183 7184 7185 7186
8 13 20 55 60 66 72 116 121 122 157 227 275 318 346 355 376 380 391 396 401 426 439 469 471 490 493 498 509 511 512 519 603 669 705 738 753 805 807 860 886 920 1019 1023 1024 1069 1156 1158 1172 1203 1288 1298 1349 1458 1539 1659 1734 1757 1816 1851 1953 2016 2080 2103 2122 2221 2231 2318 2336 2358 2389 2438 2609 2710 2773 2826 2827 2829 2852 2897 2947 3298 3455 3570 3627 3643 3773 4104 4467 4656 4754 4850 4957 4968 5163 5452 5497 5533 5732 5733 5741 5742 5769 5789 5955 6212 6260 6261 6708 7187 7188 7189 7190 7191 7192
8 9 14 20 22 24 49 51 55 58 60 72 81 84 85 86 119 121 122 124 140 142 146 147 154 157 171 200 239 243 249 252 294 304 325 332 333 345 357 366 368 375 379 397 398 399 400 402 413 425 430 447 469 470 472 476 493 516 520 521 528 625 641 711 716 746 755 792 826 840 850 860 863 867 878 898 903 934 937 1093 1103 1141 1173 1206 1208 1244 1278 1304 1310 1322 1385 1393 1446 1456 1482 1490 1521 1532 1562 1619 1625 1636 1649 1657 1659 1678 1731 1741 1791 2024 2251 2254 2324 2328 2331 2335 2338 2339 2340 2341 2343 2344 2345 2348 2349 2351 2352 2502 2522 2601 2609 2610 2688 2897 3086 5596 5816 6026 6393 7193 7194 7195 7196 7197
8 31 46 49 51 53 55 60 73 75 81 92 97 109 116 121 122 140 157 158 165 167 168 171 172 178 179 191 215 216 221 231 255 260 273 275 282 307 309 315 340 342 368 377 386 389 391 392 394 414 425 440 448 455 468 472 476 490 495 503 510 511 514 516 517 519 520 521 561 569 586 603 624 626 649 675 698 702 716 805 807 818 848 868 905 954 980 983 993 998 1004 1019 1025 1029 1032 1045 1046 1056 1061 1075 1087 1088 1097 1098 1109 1114 1130 1156 1157 1158 1172 1199 1233 1248 1256 1257 1270 1279 1285 1320 1324 1360 1368 1404 1476 1626 1627 1629 1640 1672 1676 1698 1710 1765 1766 1771 1783 1796 1801 1816 1825 1849 1940 2052 2080 2203 2225 2264 2288 2307 2318 2341 2380 2435 2470 2533 2663 2687 2773 2800 2829 2922 2924 2936 2937 2964 2996 3305 3406 3410 3488 3590 3641 3663 3831 4063 4161 4170 4421 4628 4652 4818 4850 4883 4906 5278 5300 5338 5397 5454 5506 5533 5556 5584 5606 5633 5733 5738 5768 6029 6078 6126 6157 6185 6430 6569 6570 6694 6729 6885 6954 7160 7191 7198 7199 7200 7201 7202 7203 7204 7205 7206 7207 7208 7209 7210 7211 7212
1 8 48 49 60 76 84 121 122 124 140 146 147 149 150 168 171 189 202 208 215 221 241 243 260 266 283 308 312 330 338 348 379 382 395 401 406 407 415 431 444 447 461 476 480 494 506 511 514 518 521 524 528 561 571 590 591 597 631 646 659 679 684 726 764 805 806 830 845 857 873 878 905 944 973 1004 1021 1029 1051 1077 1121 1181 1206 1281 1285 1595 1627 1678 1697 1700 1798 1827 1980 2004 2055 2140 2233 2289 2330 2470 2486 2561 2661 2675 2718 2836 2904 3003 3156 3235 3305 3602 3682 3833 4467 5183 5203 6140 6183 6378 6668 6670 6672 7213 7214 7215 7216 7217 7218 7219 7220 7221 7222 7223 7224 7225 7226 7227
1 4 6 8 9 13 14 19 20 21 22 38 42 48 49 51 54 58 60 72 76 81 84 85 88 92 97 98 101 109 112 119 121 122 123 124 133 140 146 152 154 157 164 165 168 171 172 187 188 189 191 202 203 207 208 210 214 219 221 222 225 233 237 239 243 245 249 252 254 259 260 261 264 274 275 281 294 295 297 308 313 317 319 325 330 331 335 340 356 359 361 362 366 368 372 376 377 378 380 381 387 392 398 399 400 401 406 413 418 422 423 425 426 428 430 434 435 443 444 447 448 452 459 461 468 469 470 471 472 473 474 475 484 485 493 495 500 501 503 509 511 514 515 516 519 520 521 524 528 544 559 560 572 581 583 595 621 625 627 639 641 643 668 679 698 711 716 718 719 747 755 764 774 791 792 794 796 804 812 814 817 826 840 842 850 856 857 858 860 863 864 868 870 873 878 879 882 892 893 894 895 898 902 903 906 907 910 915 932 934 973 992 1001 1004 1005 1024 1043 1051 1057 1072 1088 1098 1101 1103 1107 1111 1114 1118 1121 1122 1131 1135 1141 1144 1150 1170 1172 1174 1195 1206 1208 1218 1221 1228 1234 1242 1244 1267 1273 1303 1339 1345 1347 1385 1393 1446 1456 1482 1490 1510 1521 1532 1562 1575 1625 1632 1636 1645 1646 1657 1659 1663 1664 1673 1678 1680 1682 1685 1699 1711 1720 1739 1760 1762 1775 1786 1796 1921 1924 1982 1983 1995 2005 2010 2079 2140 2152 2154 2158 2195 2251 2257 2266 2267 2283 2294 2302 2305 2313 2328 2331 2334 2335 2338 2339 2340 2341 2343 2344 2345 2348 2350 2351 2352 2390 2391 2402 2439 2473 2492 2500 2502 2507 2555 2565 2581 2587 2610 2623 2694 2696 2874 2897 2905 2956 2996 3020 3037 3044 3051 3055 3056 3057 3060 3150 3175 3182 3255 3258 3283 3305 3314 3385 3448 3478 3533 3770 3831 3852 3894 3947 3958 4079 4264 4270 4487 4568 4585 4703 4813 4936 5003 5006 5162 5349 5364 5378 5397 5399 5422 5437 5469 5547 5636 5788 5928 5937 5988 6011 6045 6151 6253 6472 6614 6637 6963 7228 7229 7230 7231 7232 7233 7234 7235 7236 7237 7238 7239 7240 7241 7242 7243 7244 7245 7246 7247 7248 7249 7250 7251 7252 7253 7254 7255 7256 7257 7258 7259 7260 7261 7262 7263 7264 7265 7266 7267 7268 7269 7270 7271 7272 7273 7274 7275 7276 7277 7278 7279 7280 7281 7282 7283 7284 7285 7286 7287 7288 7289 7290 7291 7292 7293 7294 7295 7296 7297 7298 7299 7300 7301 7302 7303 7304 7305 7306 7307 7308 7309 7310 7311 7312 7313 7314 7315 7316 7317 7318 7319 7320 7321 7322 7323 7324 7325 7326 7327 7328 7329 7330 7331 7332 7333 7334 7335 7336
2 8 14 21 22 40 48 49 53 54 58 65 66 81 84 85 88 90 101 102 108 121 122 123 130 138 140 142 154 158 167 171 185 187 207 211 216 221 225 238 241 244 255 273 281 285 287 296 301 304 308 316 318 330 335 340 346 355 357 361 377 379 386 392 393 396 398 402 406 425 431 445 459 468 469 471 472 475 476 479 480 485 490 492 504 509 511 512 516 519 520 521 526 543 552 560 581 586 590 596 597 603 621 625 684 698 702 737 738 740 796 805 807 817 818 827 838 863 873 878 879 882 884 906 912 917 928 937 980 1019 1023 1031 1043 1046 1049 1051 1056 1058 1082 1101 1131 1136 1139 1151 1157 1158 1172 1173 1187 1191 1194 1195 1196 1203 1226 1242 1244 1267 1278 1289 1298 1300 1361 1404 1422 1432 1447 1456 1460 1476 1482 1484 1509 1523 1598 1632 1648 1682 1698 1798 1801 1920 1953 1954 1977 1992 2002 2019 2021 2028 2037 2040 2079 2080 2096 2120 2127 2144 2154 2182 2226 2232 2243 2271 2343 2345 2348 2350 2380 2427 2430 2432 2434 2435 2506 2581 2616 2633 2663 2722 2773 2777 2787 2800 2806 2821 2832 2835 2836 2852 2875 2905 2932 2937 2996 3020 3025 3038 3116 3147 3187 3199 3208 3223 3302 3357 3455 3467 3547 3548 3562 3567 3612 3618 3620 3639 3643 3671 3740 3793 3958 4104 4229 4352 4357 4391 4446 4447 4450 4469 4480 4494 4623 4629 4646 4744 4766 4813 4968 5487 5500 5501 5531 5545 5566 5581 5584 5593 5596 5679 5697 5717 5721 5725 5731 5733 5739 5789 5792 5928 6022 6136 6149 6159 6272 6299 6422 6442 6501 6506 6523 6561 6639 6697 6708 7006 7337 7338 7339 7340 7341 7342 7343 7344 7345 7346 7347 7348 7349 7350 7351 7352 7353 7354 7355 7356 7357 7358 7359 7360 7361 7362 7363 7364 7365 7366 7367 7368 7369 7370 7371 7372 7373 7374 7375 7376 7377 7378 7379
1 8 9 33 49 53 60 72 84 121 122 124 146 150 158 168 171 177 209 213 239 241 243 248 286 294 308 333 335 340 368 370 378 401 406 413 414 439 444 459 469 493 500 511 536 538 571 591 640 646 716 746 816 817 829 860 883 902 905 916 943 970 1024 1059 1068 1088 1095 1105 1112 1140 1200 1226 1285 1347 1364 1365 1368 1369 1371 1372 1375 1385 1413 1419 1440 1448 1456 1466 1478 1501 1506 1523 1524 1536 1539 1551 1558 1559 1566 1572 1579 1582 1590 1593 1595 1674 1757 1818 1970 2052 2099 2191 2203 2232 2380 2410 2459 2519 2554 2783 2822 3118 3127 3395 3615 4231 4310 5768 5810 6332 6339 6362 6374 6958 7380 7381 7382 7383 7384 7385 7386 7387 7388 7389 7390 7391 7392 7393 7394 7395 7396 7397 7398 7399 7400 7401 7402 7403 7404 7405 7406
1 8 12 20 22 28 38 40 41 42 49 54 55 66 81 84 88 92 109 112 121 122 123 124 142 147 149 154 174 208 221 233 250 260 301 307 313 325 329 335 345 355 357 361 369 376 424 425 426 437 444 449 468 469 471 472 476 496 508 511 512 514 516 517 519 520 521 560 565 581 582 599 625 692 698 702 712 738 746 755 759 791 792 826 879 893 899 904 906 915 919 928 953 973 979 1026 1028 1101 1114 1150 1163 1166 1179 1196 1208 1215 1233 1247 1257 1268 1349 1417 1523 1541 1648 1649 1801 1849 1920 2002 2118 2131 2191 2247 2280 2304 2321 2330 2362 2375 2397 2470 2608 2633 2642 2663 2710 2731 2747 2829 2935 2944 3184 3260 3287 3383 3403 3606 3617 3663 3710 3866 3879 3984 4176 4869 5227 5451 5484 5501 5524 5771 5793 5806 5924 5965 5966 5970 6029 6131 6299 6635 6668 6686 7080 7407 7408 7409 7410 7411 7412 7413 7414 7415 7416 7417 7418 7419 7420 7421 7422 7423 7424 7425 7426 7427 7428 7429 7430 7431 7432 7433 7434 7435 7436 7437 7438 7439 7440 7441 7442 7443 7444 7445 7446 7447 7448 7449 7450 7451 7452 7453 7454 7455 7456
8 51 65 72 81 84 85 121 122 157 200 210 213 219 239 243 245 291 294 368 369 377 395 398 399 404 413 426 430 439 447 470 493 509 516 520 524 621 641 716 791 840 848 850 878 881 937 1103 1206 1244 1322 1385 1393 1446 1456 1482 1490 1521 1532 1562 1625 1636 1720 1946 2328 2331 2335 2338 2339 2340 2341 2343 2344 2345 2348 2351 2352 2502 2629 3160 3175 3268 3438 3508 5960 7457 7458 7459 7460 7461 7462
1 6 8 10 12 14 22 29 30 31 33 41 48 49 51 56 58 60 78 81 84 101 116 121 122 123 129 130 134 138 140 142 154 167 172 179 191 200 218 225 237 238 247 255 264 282 283 285 287 302 308 315 332 338 340 355 357 359 361 370 371 372 374 379 385 386 389 398 400 402 406 417 435 443 448 455 459 461 465 468 469 472 475 490 500 503 506 509 511 514 516 519 520 521 536 538 543 549 560 563 572 575 579 580 583 596 598 603 621 662 669 679 681 696 697 702 732 740 746 747 753 759 785 786 790 807 814 855 884 892 897 916 917 934 938 952 953 973 980 1018 1023 1024 1045 1047 1049 1051 1056 1082 1091 1098 1117 1144 1149 1158 1165 1166 1170 1172 1196 1215 1218 1256 1278 1286 1288 1291 1299 1300 1312 1324 1345 1347 1361 1404 1417 1452 1458 1466 1472 1478 1505 1521 1523 1539 1570 1603 1637 1648 1661 1670 1682 1722 1727 1738 1759 1773 1793 1798 1799 1818 1823 1827 1837 1920 1968 1977 1995 1996 2002 2003 2028 2063 2076 2102 2104 2115 2118 2122 2132 2147 2154 2163 2188 2191 2192 2213 2219 2221 2232 2271 2302 2307 2354 2375 2380 2408 2422 2427 2430 2439 2486 2633 2640 2663 2728 2787 2800 2805 2829 2836 2888 2899 2903 2905 2929 2935 2937 2956 2987 3137 3160 3182 3223 3258 3308 3315 3367 3382 3385 3410 3413 3457 3505 3538 3570 3573 3595 3624 3720 3731 3757 3764 3781 3782 3979 4003 4078 4161 4170 4364 4654 4656 4658 4664 4751 4794 4795 4859 4883 4885 5001 5147 5179 5300 5487 5497 5501 5507 5615 5656 5684 5768 5881 5889 5924 5983 6096 6105 6206 6261 6272 6321 6324 6362 6363 6425 6499 6500 6602 6618 6636 6694 6714 6725 6767 6865 6975 6989 7082 7131 7422 7424 7455 7463 7464 7465 7466 7467 7468 7469 7470 7471 7472 7473 7474 7475 7476 7477 7478 7479 7480 7481 7482 7483 7484 7485 7486 7487 7488 7489 7490 7491 7492 7493 7494 7495 7496 7497 7498 7499 7500 7501 7502 7503 7504 7505 7506 7507 7508 7509 7510 7511 7512 7513 7514 7515 7516 7517 7518 7519
18 60 88 122 124 146 171 173 206 208 221 231 235 241 260 362 369 380 396 444 453 506 513 514 516 520 590 659 785 838 842 879 905 1041 1110 1694 1757 1927 2548 2682 3833 6232 6667 6668 6670 6678 7520 7521 7522 7523 7524 7525 7526
1 8 20 38 49 51 54 60 72 81 84 85 88 92 97 121 122 124 138 154 157 165 177 238 239 246 286 294 317 320 328 333 357 368 370 373 376 378 379 398 399 413 429 443 447 453 469 470 471 493 499 509 515 516 520 590 595 621 625 639 641 659 697 711 716 718 821 838 840 845 878 987 998 1024 1034 1089 1097 1206 1211 1215 1270 1321 1385 1393 1446 1456 1467 1482 1490 1510 1521 1532 1562 1625 1646 1657 1682 1706 1775 1780 1796 1934 1953 1959 1986 2246 2257 2328 2331 2335 2338 2339 2340 2341 2343 2344 2345 2348 2351 2352 2583 2670 2936 3522 3569 3782 3801 4648 5454 6590 6601 6771 7311 7527 7528 7529 7530 7531 7532 7533 7534 7535 7536 7537 7538 7539
8 9 20 22 31 35 41 49 51 55 65 66 81 84 101 112 122 123 124 140 142 146 147 150 158 171 173 208 220 241 243 260 266 270 283 294 301 308 312 338 340 348 355 362 368 369 380 393 401 407 412 418 431 439 444 447 472 504 506 507 513 514 520 524 528 552 560 590 597 603 659 738 752 753 764 792 805 814 838 842 845 848 878 879 1004 1064 1110 1285 1289 1306 1324 1351 1459 1477 1539 1648 1700 1826 1827 1927 1962 2004 2071 2102 2140 2189 2191 2264 2330 2355 2519 2693 2820 2827 2904 2974 3003 3020 3048 3430 3602 3682 3709 3833 4103 4195 4262 4303 4376 4865 6130 6667 6668 6670 6675 6677 6678 6957 7540 7541 7542 7543 7544 7545 7546 7547 7548 7549 7550 7551 7552 7553
1 2 5 6 8 9 12 13 14 20 21 22 29 31 33 38 40 42 49 51 53 58 59 60 65 66 73 76 80 81 84 86 88 92 97 102 107 116 121 122 123 124 129 130 139 143 148 149 154 157 158 167 168 169 171 173 174 179 190 191 202 207 209 211 212 216 217 218 221 225 227 230 231 237 238 241 242 250 253 255 260 264 271 272 273 275 285 287 294 295 302 306 308 309 313 314 320 332 335 339 340 342 346 350 352 355 361 369 370 372 373 375 377 379 380 381 382 385 389 398 401 402 406 410 417 426 430 433 435 440 442 443 444 446 448 449 452 453 455 459 468 469 470 472 475 476 479 481 485 490 500 501 503 509 510 511 512 513 514 516 517 519 520 525 536 542 543 544 548 549 560 563 564 569 572 574 575 576 579 580 582 585 586 590 595 596 601 602 603 621 622 626 629 643 654 666 674 679 681 685 696 697 698 702 716 718 730 731 732 735 737 740 746 747 759 764 769 775 777 786 790 794 807 818 824 827 838 842 845 848 858 862 863 878 884 892 898 905 906 915 917 918 920 930 934 938 943 953 954 957 972 980 996 1005 1018 1019 1021 1024 1029 1031 1032 1034 1043 1045 1048 1049 1051 1055 1056 1059 1064 1075 1082 1083 1087 1088 1095 1098 1103 1108 1109 1114 1119 1130 1131 1136 1138 1144 1148 1149 1156 1157 1158 1166 1170 1172 1187 1190 1193 1196 1199 1205 1208 1211 1228 1236 1241 1242 1256 1289 1291 1299 1300 1304 1323 1324 1335 1345 1349 1352 1355 1360 1361 1368 1391 1404 1411 1452 1458 1460 1505 1506 1521 1523 1539 1544 1576 1602 1605 1620 1625 1640 1648 1649 1651 1658 1670 1676 1682 1685 1710 1713 1745 1760 1765 1772 1773 1776 1777 1781 1793 1795 1798 1799 1825 1827 1837 1849 1919 1920 1923 1954 1967 1968 1970 1992 1995 1996 2002 2003 2008 2052 2058 2074 2076 2082 2100 2104 2120 2122 2127 2131 2132 2142 2154 2163 2168 2174 2178 2180 2188 2191 2192 2194 2219 2232 2234 2235 2247 2287 2302 2305 2307 2318 2321 2344 2354 2375 2380 2427 2430 2434 2435 2452 2462 2507 2555 2575 2609 2610 2633 2640 2663 2710 2711 2728 2745 2760 2777 2787 2800 2805 2806 2829 2844 2845 2850 2875 2887 2888 2897 2899 2905 2907 2930 2932 2937 2938 2956 2964 3020 3025 3038 3071 3105 3127 3147 3156 3160 3182 3199 3205 3214 3223 3234 3258 3302 3315 3323 3367 3378 3395 3406 3410 3411 3420 3455 3457 3467 3489 3505 3573 3583 3595 3612 3618 3641 3711 3720 3725 3731 3747 3748 3764 3781 3782 3793 3841 3894 3898 3907 3979 4056 4063 4104 4110 4170 4444 4623 4628 4629 4648 4654 4656 4664 4665 4744 4793 4795 4813 4864 4885 4899 4909 4914 4927 4929 4936 4968 4979 5001 5174 5179 5300 5312 5450 5452 5487 5497 5500 5565 5566 5603 5614 5615 5684 5712 5719 5733 5736 5740 5760 5768 5780 5789 5816 5860 5880 5881 5882 5889 5891 5900 5911 5913 5924 5926 5946 5978 6025 6029 6151 6167 6261 6272 6286 6291 6321 6389 6404 6422 6460 6490 6499 6500 6569 6602 6603 6611 6622 6634 6659 6694 6697 6700 6714 6822 6885 6997 7111 7161 7267 7367 7424 7469 7471 7474 7476 7478 7480 7483 7485 7486 7493 7500 7502 7504 7514 7554 7555 7556 7557 7558 7559 7560 7561 7562 7563 7564 7565 7566 7567 7568 7569 7570 7571 7572 7573 7574 7575 7576 7577 7578 7579 7580 7581 7582 7583 7584 7585 7586 7587 7588 7589 7590 7591 7592 7593 7594 7595 7596 7597 7598 7599 7600 7601 7602 7603 7604 7605 7606 7607 7608 7609 7610 7611 7612 7613 7614 7615 7616 7617 7618 7619 7620 7621 7622 7623 7624 7625 7626 7627 7628 7629 7630 7631 7632 7633 7634 7635 7636 7637 7638 7639
51 150 338 362 402 407 424 444 459 506 536 590 718 878 915 1629 1666 1672 1849 2140 2174 2644 2693 2851 2942 3018 3209 3623 4695 5252 5806 5819 5960 6675 6677 7640 7641 7642 7643 7644 7645 7646 7647 7648 7649 7650
6 8 20 22 38 49 60 72 74 78 81 84 88 90 121 122 124 146 154 157 213 221 275 294 331 333 339 366 368 373 379 387 392 398 399 411 413 432 439 447 471 484 493 498 511 514 516 520 524 563 641 716 718 720 800 825 840 850 870 878 980 1022 1103 1135 1149 1156 1206 1299 1385 1393 1446 1456 1482 1490 1521 1532 1562 1625 1668 1685 1720 1762 1796 2179 2328 2331 2335 2338 2339 2340 2341 2343 2344 2345 2348 2351 2352 2381 2616 2629 2976 3063 3179 3281 3489 3491 4685 4774 5223 6227 6315 6539 7651 7652 7653 7654
1 8 9 19 44 48 49 50 54 55 60 66 76 84 86 90 97 112 121 122 124 140 146 147 149 150 154 158 168 171 208 215 220 221 231 241 243 260 269 283 308 310 312 313 319 330 338 355 370 379 380 382 393 401 402 406 412 415 424 430 444 447 461 468 469 470 485 494 506 507 511 513 514 516 520 521 524 528 536 552 560 561 565 571 590 591 603 631 646 659 679 684 738 785 805 814 830 838 845 851 857 873 878 879 895 905 906 915 919 928 931 940 943 944 970 973 992 1004 1029 1051 1105 1121 1161 1206 1269 1279 1285 1299 1306 1324 1627 1693 1700 1927 1977 2004 2037 2042 2055 2071 2233 2402 2470 2548 2661 2675 2682 2718 2871 2983 3210 3522 3602 3709 3833 4065 4103 4460 4467 4793 4865 4961 5203 6668 6670 6678 7180 7181 7655 7656 7657 7658 7659 7660 7661 7662 7663
1 6 8 9 18 20 21 22 24 30 33 42 48 49 51 53 54 55 60 72 76 81 84 92 98 107 121 122 123 124 138 140 146 147 149 150 158 167 168 171 179 185 195 198 211 217 236 241 245 247 264 275 308 310 312 313 319 330 338 339 340 355 359 368 370 379 413 426 435 439 443 444 448 453 455 459 469 470 471 472 484 493 498 499 500 504 506 510 511 516 520 536 538 565 579 587 591 598 601 646 667 679 698 705 709 726 746 790 817 857 860 870 887 902 906 916 938 940 943 970 987 990 1024 1029 1049 1051 1087 1088 1091 1095 1098 1111 1112 1117 1136 1138 1144 1166 1170 1172 1185 1195 1206 1226 1236 1256 1279 1299 1300 1310 1347 1361 1365 1369 1372 1377 1385 1386 1411 1413 1419 1448 1466 1481 1498 1501 1506 1523 1524 1535 1536 1539 1542 1551 1558 1559 1562 1566 1572 1576 1579 1582 1590 1591 1593 1595 1604 1624 1727 1738 1757 1793 1818 1951 1978 1996 2028 2077 2132 2140 2160 2165 2188 2435 2452 2453 2519 2927 2929 3056 3148 3174 3197 3206 3212 3214 3370 3441 3512 3620 3935 3979 4382 4546 4664 4694 4864 4869 5009 5017 5114 5117 5135 6328 6368 6992 7041 7290 7319 7433 7471 7483 7493 7513 7565 7595 7664 7665 7666 7667 7668 7669 7670 7671 7672 7673 7674 7675 7676 7677 7678 7679 7680 7681 7682 7683 7684 7685 7686 7687 7688 7689 7690 7691 7692 7693 7694 7695 7696 7697 7698 7699 7700 7701 7702 7703 7704 7705 7706 7707 7708 7709 7710 7711 7712 7713 7714 7715 7716 7717 7718 7719 7720 7721 7722 7723 7724 7725 7726 7727 7728 7729
6 8 40 46 49 51 53 54 60 73 75 81 84 109 116 121 122 123 140 165 167 168 171 179 190 191 211 216 225 231 255 266 282 302 307 309 319 368 369 377 378 379 391 392 401 406 439 448 455 468 469 472 476 490 495 510 513 514 516 517 520 548 563 586 629 654 697 698 710 716 737 746 807 818 824 868 878 954 980 983 993 1029 1032 1043 1075 1089 1097 1101 1109 1114 1121 1156 1158 1172 1196 1199 1228 1237 1270 1279 1285 1300 1349 1368 1385 1446 1458 1476 1606 1622 1626 1627 1672 1682 1698 1722 1766 1796 1797 1825 1940 1968 1970 2008 2024 2040 2052 2080 2110 2203 2307 2318 2380 2427 2533 2687 2773 2787 2832 2844 2924 2936 2937 3410 3453 3641 3663 3671 3748 3820 3898 4062 4104 4161 4308 4365 4391 4421 4652 4818 4850 5300 5397 5452 5454 5487 5500 5506 5556 5606 5733 5741 5768 6083 6157 6185 6282 6569 6570 6694 6729 6787 6885 6975 7200 7203 7207 7208 7210 7211 7559 7730 7731 7732 7733
1 8 9 14 16 20 21 44 49 51 72 76 81 122 124 138 157 177 217 238 242 272 274 294 308 331 354 355 356 368 373 387 392 398 399 400 402 413 425 426 447 448 459 471 472 493 500 511 516 520 524 559 560 590 641 679 705 716 791 838 840 842 878 881 897 919 1051 1103 1121 1135 1138 1141 1150 1157 1206 1240 1242 1324 1385 1393 1446 1456 1482 1490 1521 1532 1562 1625 1645 1706 1713 1760 1946 1959 1978 2008 2055 2286 2328 2331 2335 2338 2339 2340 2341 2343 2344 2345 2348 2351 2352 2422 2537 2837 3099 3181 3269 3386 3438 6040 6831 6878 7160 7734 7735 7736 7737 7738 7739 7740 7741 7742 7743 7744 7745 7746 7747
1 6 8 9 10 18 20 22 40 41 43 49 51 54 60 72 76 88 107 116 121 122 124 133 146 147 149 150 152 158 171 179 181 185 208 212 216 220 238 241 255 272 275 280 287 294 319 329 331 340 346 354 355 361 369 376 379 380 385 392 400 401 406 432 448 455 472 476 477 482 493 496 507 509 514 515 516 519 524 528 549 560 561 572 588 590 603 629 640 643 654 659 666 667 679 692 701 727 732 737 746 778 812 816 830 845 855 860 863 870 879 890 898 905 906 923 932 953 980 1012 1029 1051 1082 1132 1156 1181 1195 1208 1221 1270 1299 1324 1347 1566 1575 1627 1723 1725 1742 1765 1776 1929 1939 1962 1975 1995 2008 2163 2302 2355 2584 2825 2837 2859 3005 3076 3087 3246 3475 3484 3801 3804 3833 4098 4197 4365 4376 4638 4648 4794 4806 4871 4885 4898 5517 5696 5740 5981 6668 6896 7432 7627 7628 7707 7748 7749 7750 7751 7752 7753 7754 7755 7756 7757 7758 7759 7760 7761 7762 7763 7764 7765 7766 7767 7768 7769 7770 7771 7772 7773
1 6 8 9 12 14 24 31 35 40 41 47 48 49 51 53 58 59 60 66 76 81 84 85 86 96 97 102 107 116 121 122 123 124 133 136 138 142 148 150 154 157 165 168 171 173 174 179 182 184 187 188 190 191 202 211 212 215 216 218 221 231 232 237 238 241 244 249 256 259 264 266 271 275 280 282 287 294 299 302 307 308 313 315 317 318 330 332 335 339 340 346 355 359 361 368 369 370 372 375 376 377 379 380 381 386 391 392 395 398 400 402 406 410 412 417 422 432 435 439 440 442 443 448 453 455 459 460 461 465 468 469 470 472 476 478 485 503 509 510 511 514 516 517 519 521 543 544 549 560 569 572 573 575 576 583 586 595 596 597 598 603 621 626 634 646 666 669 681 712 716 732 740 746 751 775 788 790 805 807 824 830 850 858 878 879 883 884 905 912 934 954 985 992 998 1005 1006 1018 1019 1022 1024 1029 1030 1032 1043 1047 1049 1051 1054 1056 1059 1064 1088 1091 1095 1098 1103 1105 1119 1120 1121 1132 1139 1144 1149 1151 1156 1158 1170 1172 1203 1212 1222 1232 1242 1243 1247 1256 1288 1291 1292 1300 1324 1335 1349 1360 1404 1427 1440 1452 1458 1472 1477 1506 1539 1625 1627 1629 1648 1651 1659 1668 1682 1686 1710 1721 1722 1746 1749 1762 1765 1790 1793 1795 1797 1799 1801 1807 1818 1823 1827 1835 1849 1919 1939 1953 1964 1995 1996 2002 2040 2041 2052 2058 2118 2122 2127 2132 2142 2154 2163 2178 2179 2180 2191 2226 2232 2233 2264 2269 2271 2294 2302 2305 2307 2318 2375 2389 2408 2411 2427 2428 2434 2486 2499 2536 2555 2561 2626 2629 2633 2640 2663 2687 2690 2794 2821 2846 2875 2887 2932 2935 2937 2956 2979 2982 2996 3003 3156 3182 3212 3214 3247 3315 3378 3391 3394 3406 3488 3522 3538 3570 3573 3583 3731 3747 3770 3782 3820 3854 3894 4003 4043 4105 4173 4195 4252 4351 4353 4361 4423 4537 4550 4647 4656 4667 4744 4806 4870 4898 4947 4961 4968 4979 5001 5202 5297 5300 5484 5487 5501 5520 5615 5712 5733 5780 5816 5875 5882 5909 5912 5954 6022 6045 6113 6143 6151 6167 6248 6255 6404 6408 6422 6458 6499 6548 6556 6603 6611 6622 6626 6629 6637 6638 6653 6684 6711 6724 6739 6816 6927 6955 6975 7005 7052 7207 7208 7371 7422 7424 7464 7469 7474 7480 7492 7493 7495 7511 7556 7559 7563 7566 7577 7623 7633 7774 7775 7776 7777 7778 7779 7780 7781 7782 7783 7784 7785 7786 7787 7788 7789 7790 7791 7792 7793 7794 7795 7796 7797 7798 7799 7800 7801 7802 7803 7804 7805 7806 7807 7808 7809 7810 7811 7812 7813 7814 7815 7816 7817 7818 7819 7820 7821 7822 7823
8 9 21 48 49 51 54 58 72 81 88 102 114 121 122 124 138 139 156 157 164 168 214 246 247 254 261 274 280 294 308 309 331 359 362 368 370 376 399 413 425 426 447 452 453 459 467 472 475 485 486 493 496 499 500 509 514 516 519 520 522 524 575 582 595 600 621 639 641 646 680 706 716 737 814 820 840 842 850 858 873 878 881 892 906 918 923 924 1024 1045 1122 1181 1206 1242 1273 1289 1385 1393 1446 1456 1482 1490 1521 1532 1562 1625 1645 1657 1663 1680 1698 1903 1929 1950 1978 2025 2220 2226 2311 2328 2331 2335 2338 2339 2340 2341 2343 2344 2345 2348 2351 2352 2383 2402 2502 2512 2519 2575 2610 2617 2626 2844 3057 3062 3084 3150 3226 3244 3506 3522 3830 3831 4084 4130 4139 4736 4763 4869 4881 4978 5175 5219 5397 5636 5651 6690 6972 7291 7293 7297 7465 7824 7825 7826 7827 7828 7829 7830 7831 7832 7833 7834 7835 7836 7837 7838 7839 7840 7841 7842 7843 7844 7845 7846 7847 7848 7849 7850 7851 7852 7853 7854 7855 7856 7857 7858 7859 7860 7861 7862 7863 7864 7865 7866 7867 7868 7869 7870 7871 7872 7873 7874 7875 7876 7877 7878 7879 7880 7881 7882 7883 7884 7885 7886 7887 7888 7889 7890 7891 7892 7893 7894 7895 7896 7897 7898 7899 7900 7901 7902
1 4 6 8 10 14 17 18 20 21 22 23 26 30 38 42 44 49 51 54 55 60 66 76 81 84 85 88 90 101 109 112 117 119 121 122 123 124 126 127 131 138 140 142 146 147 148 149 150 154 157 171 173 174 179 187 188 203 208 213 250 255 259 270 294 302 304 308 313 325 328 330 331 345 349 355 361 363 364 369 376 379 381 386 389 411 422 426 444 448 452 453 454 459 461 469 470 471 473 476 496 498 503 504 507 509 510 511 514 516 518 524 528 546 548 586 659 665 668 679 684 692 702 705 718 756 758 767 780 792 805 811 828 829 839 842 845 860 861 863 884 895 896 905 934 938 940 987 992 1004 1012 1029 1034 1044 1051 1089 1090 1103 1116 1166 1169 1179 1182 1195 1219 1221 1233 1244 1299 1306 1310 1320 1335 1342 1458 1484 1485 1579 1623 1632 1659 1661 1674 1694 1721 1736 1739 1744 1757 1779 1793 1816 1826 1835 1921 1929 1935 1958 1986 2063 2089 2154 2219 2224 2227 2257 2271 2294 2330 2355 2389 2397 2431 2470 2641 2658 2850 2901 2905 2932 2950 2953 2969 3056 3113 3206 3263 3379 3397 3400 3464 3554 3602 3694 3750 3783 3888 3894 4132 4140 4630 5119 5268 5492 5544 5788 6078 6115 6125 6668 6674 6777 7199 7209 7415 7811 7903 7904 7905 7906 7907 7908 7909 7910 7911 7912 7913 7914 7915 7916 7917 7918 7919 7920 7921 7922 7923 7924 7925 7926 7927 7928 7929 7930 7931 7932 7933 7934 7935 7936 7937 7938 7939 7940 7941 7942 7943 7944 7945 7946 7947 7948
2 5 6 8 9 14 20 21 22 33 38 44 49 51 53 60 76 84 88 102 107 116 121 122 123 124 129 138 142 154 157 158 167 171 172 173 190 217 231 238 244 255 275 280 285 286 287 294 301 302 313 314 315 317 335 339 340 346 355 357 370 372 375 376 379 380 386 387 398 399 400 401 402 405 406 437 439 442 446 448 455 461 463 465 469 485 490 500 511 514 516 521 536 542 543 544 549 560 563 569 572 579 586 595 598 603 624 654 662 666 669 684 696 702 732 737 740 747 751 768 774 790 807 818 857 863 878 879 881 892 898 917 934 953 954 972 980 989 1005 1018 1021 1024 1025 1031 1032 1043 1049 1051 1054 1056 1064 1077 1083 1101 1111 1130 1131 1144 1149 1156 1158 1170 1172 1196 1197 1205 1208 1212 1219 1225 1228 1278 1288 1291 1300 1308 1324 1345 1404 1446 1452 1458 1521 1523 1539 1544 1576 1620 1627 1632 1651 1727 1766 1768 1793 1799 1818 1843 1864 1919 1923 1950 1964 1968 1995 1996 2052 2058 2076 2122 2132 2153 2154 2178 2180 2188 2191 2192 2223 2302 2318 2375 2380 2427 2429 2430 2434 2436 2438 2452 2462 2506 2575 2609 2633 2675 2710 2721 2773 2800 2829 2837 2875 2899 2907 2937 2938 2944 3121 3128 3137 3200 3305 3378 3383 3410 3455 3457 3496 3505 3538 3595 3618 3731 3747 3750 3781 3844 3979 4104 4170 4355 4445 4664 4744 4869 4885 4942 4979 5027 5202 5240 5343 5487 5497 5506 5543 5603 5614 5684 5719 5733 5866 5881 5888 5889 6081 6151 6167 6188 6357 6460 6500 6611 6694 6739 6836 6994 6997 7131 7469 7471 7474 7480 7483 7503 7504 7513 7569 7570 7571 7574 7583 7586 7601 7610 7616 7633 7683 7696 7949 7950 7951 7952 7953 7954 7955 7956 7957 7958 7959 7960 7961 7962 7963 7964 7965 7966 7967 7968 7969 7970 7971 7972 7973 7974
6 8 9 22 27 38 48 49 51 54 72 81 84 85 121 122 124 144 146 157 168 187 195 202 206 239 243 277 282 294 299 308 332 359 361 368 377 379 397 399 402 404 413 423 425 430 439 447 448 449 453 459 470 471 486 493 499 514 515 516 519 520 524 560 591 621 639 641 668 716 727 764 791 817 820 834 840 842 845 850 863 864 878 879 880 898 905 906 907 914 923 944 1016 1059 1085 1096 1122 1144 1204 1206 1244 1280 1345 1385 1393 1413 1446 1456 1482 1490 1521 1532 1562 1625 1644 1645 1657 1678 1696 1698 1720 1749 1957 2104 2251 2294 2328 2331 2335 2338 2339 2340 2341 2343 2344 2345 2348 2351 2352 2361 2427 2502 2557 2584 2747 3003 3174 3278 3284 3314 3459 3512 3770 3831 4003 4063 4105 4130 4230 4554 5708 6653 7410 7975 7976 7977 7978 7979 7980 7981 7982 7983 7984 7985 7986 7987 7988
1 8 20 44 48 49 51 58 60 66 73 81 84 109 121 122 123 124 126 134 139 142 146 147 148 150 154 171 185 190 208 228 253 258 259 264 268 272 286 295 304 308 319 330 331 345 369 376 395 401 418 448 453 461 465 470 471 473 476 478 496 506 507 509 510 512 513 516 518 519 520 523 524 530 563 589 591 598 603 621 631 747 830 838 839 842 857 860 863 873 880 890 905 916 934 970 998 1003 1024 1029 1056 1067 1077 1082 1091 1121 1144 1155 1181 1210 1229 1236 1243 1285 1298 1299 1306 1382 1484 1485 1506 1562 1575 1576 1621 1765 1946 2031 2104 2144 2257 2277 2284 2317 2330 2380 2439 2470 2551 2556 2584 2773 2779 2932 2944 3177 3210 3279 3643 3761 3764 3776 3783 3808 3889 4094 4300 4870 4872 5300 5482 5492 5559 5636 5835 5859 6021 6166 6415 6559 6668 7038 7064 7672 7919 7942 7989 7990 7991 7992 7993 7994 7995 7996 7997 7998 7999
8 19 49 51 72 81 122 124 140 146 157 171 174 177 202 206 207 238 239 294 340 368 372 377 398 399 413 430 433 440 447 493 504 509 514 519 520 641 716 755 820 827 840 846 878 906 927 1051 1206 1208 1215 1308 1309 1310 1356 1385 1393 1446 1456 1482 1490 1521 1532 1562 1625 1657 1678 1788 1995 2024 2328 2331 2335 2338 2339 2340 2341 2343 2344 2345 2348 2351 2352 2452 3648 4370 6230 6233 8000 8001 8002
1 6 8 9 10 13 14 20 22 23 24 30 31 33 38 39 42 48 49 51 53 60 66 76 78 84 86 88 92 97 102 107 108 112 121 122 123 124 127 140 148 150 152 154 157 158 165 168 171 177 178 179 187 191 198 200 202 205 212 213 216 228 233 237 238 241 244 249 252 254 259 263 264 273 280 281 285 287 294 295 307 308 312 313 316 319 335 339 340 342 354 355 361 370 376 378 379 380 389 391 392 394 398 399 406 413 414 417 426 430 437 439 446 455 456 459 463 468 469 470 471 472 476 480 486 490 493 498 500 509 510 516 517 521 523 526 529 530 536 538 548 563 571 590 591 595 598 603 621 624 625 629 640 646 654 662 667 669 684 698 701 738 746 747 753 775 790 794 798 807 817 824 828 829 838 845 853 858 860 862 864 870 877 878 884 886 887 888 889 896 902 903 906 917 943 952 954 992 1015 1019 1024 1031 1033 1035 1045 1049 1051 1056 1059 1067 1076 1088 1095 1103 1105 1112 1118 1149 1156 1158 1166 1195 1196 1206 1212 1226 1236 1237 1238 1241 1243 1244 1256 1257 1270 1292 1310 1312 1328 1341 1347 1349 1350 1353 1367 1369 1371 1372 1375 1376 1404 1406 1411 1413 1417 1419 1430 1432 1433 1440 1455 1460 1464 1465 1466 1468 1472 1479 1495 1502 1505 1521 1523 1524 1526 1539 1542 1559 1564 1579 1581 1582 1583 1593 1602 1624 1627 1659 1671 1682 1692 1710 1711 1722 1726 1727 1732 1777 1798 1818 1823 1828 1869 1893 1923 1998 2003 2076 2089 2099 2104 2132 2142 2147 2148 2154 2180 2185 2189 2230 2232 2234 2245 2251 2271 2276 2280 2288 2294 2307 2318 2389 2410 2412 2415 2423 2427 2430 2435 2436 2438 2446 2450 2452 2453 2506 2556 2589 2611 2670 2789 2829 2830 2831 2848 2856 2857 2859 2897 2929 2938 2944 2978 2979 2986 2996 3118 3149 3158 3194 3233 3244 3255 3302 3395 3468 3538 3564 3570 3713 3770 3909 3916 3923 3927 3931 3966 3967 3969 3991 4064 4103 4105 4120 4179 4308 4310 4324 4364 4404 4459 4460 4795 4813 4828 4913 5112 5120 5138 5202 5247 5260 5274 5300 5483 5499 5543 5696 5712 5780 5816 5855 5937 6171 6272 6322 6330 6341 6343 6344 6347 6362 6368 6369 6374 6378 6404 6499 6739 6769 6789 6834 6854 6855 6858 6861 6862 6864 6868 6870 7006 7010 7019 7071 7095 7173 7334 7479 7577 8003 8004 8005 8006 8007 8008 8009 8010 8011 8012 8013 8014 8015 8016 8017 8018 8019 8020 8021 8022 8023 8024 8025 8026 8027 8028 8029 8030 8031 8032 8033 8034 8035 8036 8037 8038 8039 8040 8041 8042 8043 8044 8045 8046 8047 8048 8049 8050 8051 8052 8053 8054 8055 8056 8057 8058 8059 8060 8061 8062 8063 8064 8065 8066 8067 8068 8069 8070 8071 8072 8073 8074 8075 8076 8077 8078 8079 8080 8081 8082 8083 8084 8085 8086 8087 8088 8089 8090 8091 8092 8093 8094 8095 8096 8097 8098 8099 8100 8101 8102 8103 8104 8105 8106 8107
1 2 6 8 9 12 13 14 20 21 22 29 30 31 37 40 47 49 51 53 54 55 58 60 66 69 73 76 81 84 85 86 88 96 97 98 103 107 109 112 115 116 121 122 123 124 130 133 138 140 142 147 148 149 152 154 157 158 164 168 171 174 179 181 190 191 199 202 207 209 210 215 216 217 220 221 225 228 230 231 238 241 244 247 249 250 259 263 269 275 277 282 285 287 295 299 301 306 308 313 316 319 325 332 335 338 340 346 354 355 357 369 370 376 378 379 380 381 386 391 393 395 401 405 406 417 422 425 430 431 432 436 440 442 445 447 453 455 456 461 468 469 470 471 473 475 478 485 490 503 504 510 511 512 513 514 516 519 521 524 526 530 531 536 542 543 552 555 558 560 563 565 568 572 575 579 581 582 583 586 588 590 598 603 621 651 659 662 664 669 673 679 682 698 701 702 710 716 726 727 737 738 740 746 752 759 764 775 790 791 794 805 807 818 827 838 855 857 858 860 863 873 876 878 879 882 884 895 904 905 906 923 928 934 944 953 980 983 993 998 1005 1006 1007 1012 1019 1020 1021 1024 1029 1032 1033 1042 1045 1046 1047 1051 1053 1054 1055 1056 1062 1064 1077 1079 1087 1098 1101 1103 1114 1118 1130 1139 1144 1151 1153 1156 1157 1158 1170 1172 1181 1184 1186 1187 1191 1193 1194 1203 1208 1210 1221 1226 1227 1228 1233 1241 1242 1243 1244 1248 1257 1268 1281 1285 1292 1323 1324 1325 1335 1345 1349 1360 1361 1368 1404 1429 1431 1440 1447 1458 1460 1507 1509 1512 1523 1526 1558 1562 1566 1570 1577 1583 1598 1619 1621 1622 1625 1627 1629 1649 1659 1668 1682 1691 1710 1719 1722 1727 1738 1752 1757 1772 1793 1797 1802 1807 1835 1849 1923 1935 1938 1954 1957 1972 1974 1977 1996 2002 2003 2008 2010 2016 2021 2037 2052 2058 2068 2074 2076 2077 2079 2080 2104 2107 2120 2122 2131 2144 2179 2182 2212 2223 2226 2231 2242 2245 2258 2264 2271 2277 2318 2343 2355 2361 2380 2384 2390 2402 2428 2432 2433 2435 2438 2470 2492 2506 2507 2522 2544 2556 2565 2592 2609 2633 2661 2663 2675 2682 2692 2697 2710 2718 2719 2721 2726 2731 2745 2765 2773 2780 2781 2787 2805 2806 2815 2816 2818 2821 2826 2827 2829 2832 2834 2836 2851 2852 2875 2893 2906 2932 2944 2946 2947 2964 2974 2996 3015 3020 3138 3182 3190 3192 3199 3206 3213 3216 3219 3223 3315 3372 3377 3385 3388 3414 3425 3443 3499 3526 3540 3564 3567 3578 3583 3605 3612 3642 3643 3671 3718 3731 3747 3751 3768 3788 3894 4014 4186 4187 4227 4248 4346 4348 4349 4352 4357 4358 4378 4445 4446 4450 4480 4623 4630 4632 4641 4653 4656 4657 4736 4754 4813 4824 4828 4873 4891 4898 4909 4942 4968 5203 5267 5274 5332 5452 5484 5486 5487 5488 5495 5497 5505 5506 5518 5529 5531 5535 5540 5545 5554 5576 5666 5688 5694 5716 5717 5725 5733 5738 5741 5742 5751 5753 5776 5780 5795 5872 5911 5912 5966 5998 6004 6028 6064 6089 6130 6196 6200 6248 6404 6421 6422 6433 6440 6460 6464 6522 6541 6550 6607 6614 6629 6677 6694 6700 6706 6708 6717 6949 6957 7150 7160 7190 7212 7367 7370 7372 7377 7429 7521 7530 7557 7661 7805 7820 7823 7993 8095 8108 8109 8110 8111 8112 8113 8114 8115 8116 8117 8118 8119 8120 8121 8122 8123 8124 8125 8126 8127 8128 8129 8130 8131 8132 8133 8134 8135 8136 8137 8138 8139 8140 8141 8142 8143 8144 8145 8146 8147 8148 8149 8150 8151 8152 8153 8154 8155 8156 8157 8158 8159 8160 8161 8162 8163 8164 8165 8166 8167 8168 8169 8170 8171 8172 8173 8174 8175 8176 8177 8178 8179 8180 8181 8182 8183 8184 8185 8186 8187 8188 8189 8190 8191 8192 8193 8194 8195 8196 8197 8198 8199
8 20 22 42 48 49 51 60 72 81 84 85 103 119 122 124 146 157 165 185 202 214 219 239 245 252 254 264 274 275 294 313 317 328 329 330 331 332 333 354 362 368 398 399 411 413 423 439 445 447 471 472 477 482 492 493 498 510 511 514 516 520 524 543 560 641 716 814 840 850 856 863 878 906 915 923 987 1122 1149 1195 1204 1206 1285 1385 1393 1446 1456 1482 1490 1521 1532 1562 1616 1625 1634 1636 1645 1657 1678 1720 1772 1786 1829 2328 2331 2335 2338 2339 2340 2341 2343 2344 2345 2348 2351 2352 2390 2507 2557 2558 2610 2747 3228 3314 3592 3846 3848 3947 4285 6142 7336 8146 8200 8201 8202 8203 8204 8205 8206 8207 8208 8209 8210 8211 8212 8213
1 2 6 8 9 10 18 20 21 22 26 28 30 31 39 40 43 44 49 50 51 52 53 54 56 60 66 70 72 73 74 76 78 79 80 81 82 83 84 86 88 90 92 97 98 99 103 108 112 115 116 117 119 121 122 123 124 126 127 129 131 134 140 142 146 147 148 149 150 158 165 167 168 169 171 173 179 181 182 185 189 190 193 198 199 202 208 209 211 212 213 215 220 221 227 228 231 232 238 239 241 243 252 254 255 258 260 266 268 270 271 273 274 275 277 283 286 287 288 289 291 292 294 295 301 303 304 305 306 307 308 310 312 313 315 316 319 320 325 327 328 329 331 332 333 334 335 338 339 345 346 354 359 361 362 363 364 369 370 375 376 377 378 379 380 381 382 383 387 389 392 395 398 400 401 402 406 408 411 412 413 414 415 417 419 420 421 422 423 425 428 430 434 439 440 442 444 447 452 453 457 459 460 461 463 465 468 469 470 471 472 476 477 478 479 483 484 485 486 490 492 494 500 503 504 506 507 508 509 512 513 514 515 516 519 520 523 524 525 526 528 530 531 532 534 535 536 537 538 543 545 555 560 561 563 565 566 568 571 575 576 579 581 583 586 588 589 590 591 592 594 596 597 599 600 601 603 604 605 621 625 628 629 631 634 639 640 642 643 647 649 651 658 659 664 667 669 672 673 675 677 679 680 684 692 696 697 698 699 702 705 706 709 711 716 724 726 731 732 738 741 747 748 749 755 759 770 775 778 786 788 790 791 800 802 803 805 807 808 813 814 816 818 819 821 824 827 828 829 832 833 835 837 842 845 849 852 853 854 855 857 859 860 862 863 869 870 873 878 879 881 882 884 887 888 890 901 902 905 906 910 912 915 916 919 925 928 930 931 933 937 938 940 944 946 953 954 957 961 970 979 980 983 990 992 998 1003 1004 1005 1006 1007 1012 1021 1024 1029 1032 1034 1037 1045 1046 1049 1050 1052 1053 1054 1055 1056 1057 1060 1062 1065 1067 1068 1073 1074 1075 1079 1081 1086 1088 1091 1095 1096 1097 1109 1114 1117 1118 1126 1127 1132 1136 1149 1150 1155 1156 1157 1158 1160 1163 1170 1171 1172 1173 1175 1179 1181 1188 1195 1204 1205 1206 1208 1211 1229 1230 1231 1232 1233 1234 1235 1236 1240 1244 1261 1268 1269 1270 1274 1277 1281 1284 1285 1286 1288 1302 1303 1304 1308 1309 1312 1313 1319 1323 1335 1342 1345 1347 1349 1360 1361 1362 1368 1386 1401 1402 1404 1407 1411 1412 1417 1423 1424 1427 1440 1449 1451 1456 1458 1459 1460 1463 1476 1482 1485 1502 1503 1504 1505 1509 1517 1529 1541 1546 1551 1576 1577 1578 1581 1583 1590 1591 1595 1598 1599 1603 1605 1620 1625 1626 1629 1634 1637 1643 1648 1649 1671 1676 1682 1688 1693 1699 1700 1710 1712 1719 1721 1726 1727 1731 1745 1762 1764 1765 1771 1775 1777 1779 1789 1790 1793 1797 1805 1806 1816 1823 1828 1835 1837 1851 1859 1914 1916 1927 1932 1933 1954 1958 1964 1965 1970 1977 1979 1983 1986 1992 1996 2003 2004 2008 2028 2033 2037 2040 2042 2050 2051 2052 2053 2058 2061 2065 2068 2070 2071 2073 2074 2076 2077 2080 2083 2089 2104 2111 2116 2127 2136 2142 2144 2145 2146 2147 2148 2150 2163 2174 2179 2188 2189 2208 2214 2217 2230 2231 2239 2251 2255 2257 2272 2278 2300 2304 2312 2326 2341 2353 2355 2376 2377 2378 2379 2380 2382 2389 2390 2402 2406 2419 2423 2425 2429 2433 2438 2450 2455 2466 2472 2486 2490 2519 2551 2554 2561 2575 2589 2621 2626 2632 2633 2634 2638 2640 2642 2646 2650 2652 2655 2658 2661 2663 2681 2682 2687 2691 2693 2697 2711 2716 2719 2721 2722 2729 2748 2757 2780 2784 2787 2789 2791 2799 2807 2815 2821 2827 2829 2832 2833 2835 2836 2842 2846 2850 2858 2873 2883 2886 2901 2904 2905 2913 2917 2925 2935 2936 2937 2946 2950 2975 2982 3025 3032 3067 3071 3087 3089 3114 3120 3127 3148 3156 3174 3181 3187 3195 3199 3205 3212 3236 3240 3243 3244 3259 3263 3268 3280 3282 3284 3287 3308 3338 3352 3371 3373 3391 3400 3427 3434 3454 3473 3491 3512 3522 3585 3602 3606 3622 3623 3641 3643 3646 3649 3653 3665 3672 3686 3705 3709 3713 3718 3719 3724 3731 3745 3748 3750 3754 3761 3764 3787 3800 3801 3828 3833 3838 3856 3864 3866 3879 3890 3894 3898 3974 3997 4014 4044 4103 4112 4142 4170 4196 4227 4237 4262 4278 4308 4350 4351 4355 4364 4365 4368 4370 4378 4382 4394 4396 4400 4411 4428 4435 4439 4445 4452 4456 4460 4461 4506 4531 4577 4624 4637 4638 4648 4660 4730 4793 4808 4813 4824 4835 4838 4839 4840 4845 4847 4850 4859 4862 4865 4869 4881 4913 4927 4930 4957 4961 5004 5209 5227 5233 5264 5278 5288 5308 5343 5360 5373 5429 5439 5452 5454 5484 5528 5533 5552 5557 5576 5577 5595 5606 5620 5631 5634 5642 5646 5650 5663 5673 5688 5697 5698 5731 5732 5733 5737 5740 5755 5768 5788 5793 5794 5795 5796 5798 5806 5810 5819 5820 5822 5834 5836 5868 5954 5976 5984 5988 5995 6001 6012 6013 6016 6031 6045 6061 6069 6087 6112 6115 6137 6186 6206 6266 6269 6272 6275 6280 6281 6294 6378 6396 6408 6429 6436 6446 6452 6510 6515 6523 6531 6533 6539 6541 6547 6601 6603 6611 6612 6630 6642 6651 6659 6666 6667 6669 6670 6674 6702 6706 6712 6770 6773 6882 6896 6905 6947 6957 6958 6959 6965 7002 7024 7104 7111 7145 7160 7177 7184 7218 7342 7354 7389 7422 7424 7429 7431 7453 7455 7479 7522 7567 7583 7589 7609 7636 7641 7642 7658 7660 7707 7708 7709 7716 7732 7739 7757 7771 7785 7819 7872 7922 7933 7948 7954 7998 8068 8122 8146 8147 8160 8161 8184 8186 8193 8211 8214 8215 8216 8217 8218 8219 8220 8221 8222 8223 8224 8225 8226 8227 8228 8229 8230 8231 8232 8233 8234 8235 8236 8237 8238 8239 8240 8241 8242 8243 8244 8245 8246 8247 8248 8249 8250 8251 8252 8253 8254 8255 8256 8257 8258 8259 8260 8261 8262 8263 8264 8265 8266 8267 8268 8269 8270 8271 8272 8273 8274 8275 8276 8277 8278 8279 8280 8281 8282 8283 8284 8285 8286 8287 8288 8289 8290 8291 8292 8293 8294 8295 8296 8297 8298 8299 8300 8301 8302 8303 8304 8305 8306 8307 8308 8309 8310 8311 8312 8313 8314 8315 8316 8317 8318 8319 8320 8321 8322 8323 8324 8325 8326 8327 8328 8329 8330 8331 8332 8333 8334 8335 8336 8337 8338 8339 8340 8341 8342 8343 8344 8345 8346 8347 8348 8349 8350 8351 8352 8353 8354 8355 8356 8357 8358 8359 8360 8361 8362 8363 8364 8365 8366 8367 8368 8369 8370 8371 8372 8373 8374 8375 8376 8377 8378 8379 8380 8381 8382 8383 8384 8385 8386 8387 8388 8389 8390 8391 8392 8393 8394 8395 8396 8397 8398 8399 8400 8401 8402 8403 8404 8405 8406 8407 8408 8409 8410 8411 8412 8413 8414 8415 8416 8417 8418 8419 8420 8421 8422 8423 8424 8425 8426 8427 8428 8429 8430 8431 8432 8433 8434 8435 8436 8437 8438 8439 8440 8441 8442 8443 8444 8445 8446 8447 8448 8449 8450 8451 8452 8453 8454 8455 8456 8457 8458 8459 8460 8461 8462 8463 8464 8465 8466 8467 8468 8469 8470 8471 8472 8473 8474 8475 8476 8477 8478 8479 8480 8481 8482 8483 8484 8485 8486 8487 8488 8489 8490 8491 8492 8493 8494 8495 8496 8497 8498 8499 8500 8501 8502 8503 8504 8505 8506 8507 8508 8509 8510 8511 8512 8513 8514 8515 8516 8517 8518 8519 8520 8521 8522 8523 8524 8525 8526 8527 8528 8529 8530 8531 8532 8533 8534 8535 8536 8537 8538 8539 8540 8541 8542 8543 8544 8545 8546 8547 8548 8549 8550 8551 8552 8553 8554 8555 8556 8557 8558 8559 8560 8561 8562 8563 8564 8565 8566 8567 8568 8569 8570 8571 8572 8573 8574 8575 8576 8577 8578 8579 8580 8581 8582 8583 8584 8585 8586 8587 8588 8589 8590 8591 8592 8593 8594 8595 8596 8597 8598 8599 8600 8601 8602 8603 8604 8605 8606 8607 8608 8609 8610 8611 8612 8613 8614 8615 8616 8617 8618 8619 8620 8621 8622 8623 8624 8625 8626 8627 8628 8629 8630 8631 8632 8633 8634 8635 8636 8637 8638 8639 8640 8641 8642 8643 8644 8645 8646 8647 8648 8649 8650 8651 8652 8653 8654 8655 8656 8657 8658 8659 8660 8661 8662 8663 8664 8665 8666 8667 8668 8669 8670 8671 8672 8673 8674 8675 8676 8677 8678 8679 8680 8681 8682 8683 8684 8685 8686 8687 8688 8689 8690 8691 8692 8693 8694 8695 8696 8697 8698 8699 8700 8701 8702 8703 8704 8705 8706 8707 8708 8709 8710 8711 8712 8713 8714 8715 8716 8717 8718 8719 8720 8721 8722 8723 8724 8725 8726 8727 8728 8729 8730 8731 8732 8733 8734 8735 8736 8737 8738 8739 8740 8741 8742 8743 8744 8745 8746 8747 8748 8749 8750 8751 8752 8753 8754 8755 8756 8757 8758 8759 8760 8761 8762 8763 8764 8765 8766 8767 8768 8769 8770 8771 8772 8773 8774 8775 8776 8777 8778 8779 8780 8781 8782 8783 8784 8785 8786 8787 8788 8789 8790 8791 8792 8793 8794 8795 8796 8797 8798 8799 8800 8801 8802 8803 8804 8805 8806 8807 8808 8809 8810 8811 8812 8813 8814 8815 8816 8817 8818 8819 8820 8821 8822 8823 8824 8825 8826 8827 8828 8829 8830 8831 8832 8833 8834 8835 8836 8837 8838 8839 8840 8841 8842 8843 8844 8845 8846 8847 8848 8849 8850 8851 8852 8853 8854 8855 8856 8857 8858 8859 8860 8861 8862 8863 8864 8865 8866 8867 8868 8869 8870 8871 8872 8873 8874 8875 8876 8877 8878 8879 8880 8881 8882 8883 8884 8885 8886 8887 8888 8889 8890 8891 8892 8893 8894 8895 8896 8897 8898 8899 8900 8901 8902 8903 8904 8905 8906 8907 8908 8909 8910 8911 8912 8913 8914 8915 8916 8917 8918 8919 8920 8921 8922 8923 8924 8925 8926 8927 8928 8929 8930 8931 8932 8933 8934 8935 8936 8937 8938 8939 8940 8941 8942 8943 8944 8945 8946 8947 8948 8949 8950 8951 8952 8953 8954 8955 8956
1 2 4 5 6 8 9 13 14 20 22 24 38 39 40 42 44 48 49 51 53 54 55 60 66 72 74 76 81 84 86 88 90 97 102 107 116 121 122 123 124 129 138 140 142 145 146 150 152 154 158 164 167 168 169 171 174 177 179 185 187 188 190 191 195 199 202 207 212 215 216 217 228 232 233 237 238 239 241 247 249 255 264 272 281 282 295 302 307 308 313 319 330 333 335 339 340 345 355 357 359 361 369 370 373 374 376 378 379 380 387 389 392 393 394 398 399 400 402 405 406 410 412 413 414 415 417 418 426 430 435 436 437 439 440 444 445 448 452 455 459 461 463 468 469 471 472 475 476 479 485 490 492 493 496 497 498 500 501 509 510 511 514 516 517 519 530 536 538 560 579 580 583 587 591 595 598 599 601 603 621 624 625 629 630 633 640 644 646 654 662 663 669 697 706 710 715 718 738 740 746 747 759 764 778 790 794 796 806 817 818 824 838 845 848 853 858 862 865 868 870 878 880 883 884 886 887 894 896 897 902 903 905 906 910 917 918 921 934 938 943 954 976 979 980 992 1001 1005 1014 1018 1025 1031 1032 1043 1044 1049 1051 1054 1055 1056 1059 1067 1072 1082 1088 1095 1098 1101 1103 1108 1112 1120 1131 1132 1138 1156 1157 1170 1179 1182 1187 1190 1194 1195 1196 1199 1218 1226 1227 1229 1232 1236 1238 1240 1243 1244 1256 1276 1285 1292 1299 1300 1303 1311 1312 1323 1324 1335 1342 1349 1360 1361 1367 1369 1371 1375 1376 1406 1413 1417 1419 1432 1433 1440 1446 1447 1456 1460 1466 1469 1472 1476 1482 1502 1517 1523 1524 1526 1529 1539 1566 1575 1579 1582 1584 1590 1593 1595 1621 1624 1626 1632 1655 1659 1661 1671 1672 1685 1686 1691 1693 1698 1710 1722 1723 1726 1727 1759 1771 1781 1786 1793 1798 1799 1801 1823 1827 1919 1923 1941 1951 1964 1968 1972 1977 1978 1995 2003 2008 2028 2058 2076 2085 2094 2099 2102 2104 2132 2141 2142 2148 2154 2159 2163 2178 2188 2226 2231 2232 2234 2237 2244 2247 2258 2271 2288 2298 2305 2308 2316 2318 2328 2343 2408 2423 2427 2428 2430 2436 2438 2453 2457 2462 2507 2523 2541 2581 2619 2623 2626 2665 2687 2690 2727 2728 2739 2745 2780 2799 2820 2831 2835 2848 2854 2856 2857 2885 2916 2922 2929 2937 2938 2944 2945 2959 3025 3071 3079 3127 3137 3141 3149 3158 3198 3231 3233 3255 3302 3318 3320 3346 3347 3348 3349 3352 3354 3367 3395 3406 3423 3488 3536 3538 3559 3570 3620 3641 3693 3718 3761 3843 3852 3893 3894 3909 3946 3969 3975 4002 4043 4055 4065 4098 4103 4111 4170 4305 4351 4353 4399 4448 4460 4489 4506 4527 4536 4546 4623 4628 4661 4664 4751 4754 4794 4795 4800 4872 4883 4885 4930 5009 5015 5030 5057 5072 5080 5081 5084 5085 5093 5101 5103 5106 5111 5115 5119 5120 5144 5146 5258 5483 5541 5544 5564 5566 5614 5627 5666 5712 5724 5785 5836 5845 5846 5856 5860 5881 5909 6035 6039 6128 6143 6247 6334 6342 6362 6369 6413 6442 6459 6644 6690 6739 6758 6815 6822 6870 6939 6968 6977 6999 7075 7097 7099 7131 7160 7184 7209 7224 7352 7378 7387 7394 7404 7422 7474 7498 7577 7597 7608 7702 7715 7774 7823 7958 8015 8018 8019 8022 8033 8089 8241 8273 8509 8547 8771 8836 8957 8958 8959 8960 8961 8962 8963 8964 8965 8966 8967 8968 8969 8970 8971 8972 8973 8974 8975 8976 8977 8978 8979 8980 8981 8982 8983 8984 8985 8986 8987 8988 8989 8990 8991 8992 8993 8994 8995 8996 8997 8998 8999 9000 9001 9002 9003 9004 9005 9006 9007 9008 9009 9010 9011 9012 9013 9014 9015 9016 9017 9018 9019 9020 9021 9022 9023 9024 9025 9026 9027 9028 9029 9030 9031 9032 9033 9034 9035 9036 9037 9038 9039 9040 9041 9042 9043 9044 9045 9046 9047 9048 9049 9050 9051 9052 9053 9054 9055 9056 9057 9058 9059 9060 9061 9062 9063 9064 9065 9066 9067 9068 9069 9070 9071 9072 9073 9074 9075 9076 9077 9078 9079 9080 9081 9082 9083 9084 9085 9086 9087 9088 9089 9090 9091 9092 9093 9094 9095 9096 9097 9098 9099 9100 9101 9102 9103 9104 9105 9106 9107 9108 9109 9110 9111 9112 9113 9114 9115 9116 9117 9118 9119 9120 9121 9122 9123 9124 9125 9126 9127 9128 9129 9130 9131 9132 9133 9134 9135 9136 9137 9138 9139 9140 9141 9142 9143 9144 9145 9146 9147 9148 9149 9150 9151 9152 9153 9154 9155 9156 9157 9158 9159 9160 9161 9162 9163 9164 9165 9166 9167 9168
1 6 8 9 20 39 42 48 49 51 53 60 78 81 82 84 86 88 101 117 121 122 124 134 140 148 150 154 158 168 171 182 185 211 231 236 238 241 244 304 308 316 339 340 346 379 381 406 413 414 430 434 439 444 468 471 493 500 508 511 516 521 528 536 547 591 596 621 633 646 667 684 706 746 807 817 829 854 857 858 870 873 881 884 902 905 906 917 940 943 954 1006 1019 1031 1051 1056 1088 1095 1108 1111 1112 1136 1138 1149 1158 1169 1206 1226 1236 1292 1298 1302 1368 1369 1371 1372 1375 1376 1413 1419 1432 1466 1482 1517 1518 1521 1522 1523 1524 1526 1529 1539 1542 1562 1564 1579 1582 1593 1602 1629 1666 1710 1722 1749 1777 1807 1823 1951 1974 2008 2028 2040 2063 2083 2085 2099 2102 2110 2132 2169 2210 2410 2423 2451 2453 2459 2470 2610 2764 2789 2856 3079 3112 3127 3149 3360 3381 3923 5057 5085 5120 5298 5666 5841 5844 5847 5852 5855 5856 5860 6333 6345 6349 6786 6862 7184 7202 7387 7404 7593 8029 8041 8745 9004 9041 9085 9109 9132 9169 9170 9171 9172 9173 9174 9175 9176 9177 9178 9179 9180 9181 9182 9183 9184 9185 9186 9187 9188 9189 9190 9191 9192 9193
1 8 24 33 48 49 72 76 88 107 121 122 124 146 149 150 158 168 169 182 189 241 245 259 338 384 391 467 493 516 524 591 646 684 855 864 873 884 891 954 973 998 1111 1118 1375 1413 1520 1523 1524 1568 1801 2003 2330 2444 2453 2856 3114 3115 3158 3349 3364 3365 3976 5856 8107 9194 9195 9196 9197 9198 9199 9200 9201 9202 9203 9204 9205
8 18 21 31 48 49 51 81 88 94 122 140 146 171 172 206 213 234 247 268 286 304 308 312 329 338 361 389 393 431 434 444 448 453 506 513 516 520 524 528 536 560 563 571 580 590 591 673 790 804 805 814 842 863 915 930 1024 1047 1077 1114 1206 1243 1270 1345 1434 1554 1823 1964 2008 2104 2136 2154 2291 2650 2713 3606 4044 4724 4850 6275 6378 6611 8857 9206 9207 9208 9209 9210 9211
1 6 8 9 24 49 51 53 55 66 73 78 84 87 106 107 121 122 124 138 146 150 158 168 171 175 179 182 185 198 199 211 225 231 233 241 244 255 277 281 287 306 308 318 320 331 339 340 355 361 362 368 376 377 394 401 402 406 407 413 414 417 439 446 448 459 469 490 493 513 516 520 523 525 530 532 533 535 536 538 563 572 586 591 601 621 640 646 684 709 746 771 775 807 816 817 857 878 890 902 905 915 934 943 968 980 992 1003 1005 1012 1020 1029 1051 1054 1059 1088 1095 1112 1126 1131 1138 1165 1181 1182 1226 1236 1292 1362 1368 1369 1375 1382 1385 1402 1413 1419 1423 1432 1433 1442 1466 1472 1476 1485 1488 1502 1508 1521 1523 1524 1526 1536 1539 1546 1554 1570 1572 1576 1579 1582 1590 1593 1595 1596 1598 1637 1700 1793 1801 1951 1977 2052 2074 2089 2099 2119 2140 2142 2145 2147 2163 2174 2181 2188 2191 2220 2226 2421 2423 2439 2450 2453 2455 2608 2737 2769 2783 2827 2831 2891 2925 3110 3141 3157 3212 3370 3385 3641 3789 3927 3936 3958 4335 4396 4506 4631 4637 4891 5112 5163 5300 5631 5714 5836 5985 6120 6130 6141 6515 6563 7121 7422 8144 8175 8263 8857 9212 9213 9214 9215 9216 9217 9218 9219 9220 9221 9222 9223 9224 9225 9226 9227 9228 9229 9230 9231 9232 9233 9234 9235 9236 9237 9238 9239 9240 9241 9242 9243 9244 9245 9246 9247
1 6 8 9 20 22 38 49 51 60 81 84 106 112 116 121 122 123 124 126 146 150 158 168 171 187 189 198 236 241 247 250 261 306 308 316 330 339 340 355 368 370 374 376 394 402 413 414 424 434 435 439 443 453 461 469 471 472 474 476 485 490 493 498 500 509 511 514 516 519 536 538 566 571 591 596 646 647 648 659 679 705 711 746 749 817 829 842 857 860 882 884 906 916 917 943 953 954 1029 1049 1051 1088 1095 1098 1103 1112 1119 1132 1138 1156 1175 1176 1187 1199 1205 1226 1227 1236 1365 1369 1371 1372 1382 1385 1411 1413 1417 1419 1423 1425 1432 1466 1490 1502 1506 1510 1523 1524 1528 1536 1539 1551 1566 1572 1579 1582 1593 1595 1603 1648 1699 1727 1739 1757 1777 1921 1923 1995 2003 2079 2123 2132 2135 2142 2151 2177 2178 2180 2188 2189 2201 2234 2380 2410 2423 2452 2519 2721 2757 2836 2856 2883 2924 2944 2947 2950 3212 3374 3393 3641 3956 4369 4662 5816 5983 6142 6367 7595 8003 8308 8612 9248 9249 9250 9251 9252 9253 9254 9255 9256 9257 9258 9259 9260 9261 9262 9263 9264 9265
1 8 9 19 22 33 44 48 49 51 53 58 60 61 74 76 84 88 92 107 108 112 116 121 122 124 130 138 142 144 146 147 149 150 157 158 168 171 177 182 185 195 198 205 225 241 243 244 247 252 254 275 285 295 308 316 318 319 331 338 339 342 355 361 362 370 374 376 377 379 391 394 395 399 402 406 407 413 414 432 434 435 439 444 445 446 453 456 460 468 469 471 480 493 498 500 506 511 514 516 524 525 536 538 547 548 560 566 568 581 586 591 596 598 600 621 640 646 667 677 686 703 716 740 746 749 803 811 817 818 829 842 845 854 856 857 858 864 870 878 881 890 892 902 905 919 934 938 943 954 972 979 980 990 1001 1003 1005 1006 1012 1015 1019 1020 1033 1049 1051 1059 1063 1067 1076 1077 1088 1095 1098 1112 1139 1157 1173 1175 1182 1196 1208 1209 1226 1235 1236 1241 1292 1299 1302 1304 1312 1335 1366 1368 1369 1370 1371 1375 1376 1377 1381 1385 1402 1407 1412 1413 1419 1423 1432 1434 1436 1440 1442 1451 1460 1463 1466 1473 1478 1479 1481 1482 1493 1502 1504 1517 1518 1523 1524 1526 1529 1532 1533 1535 1539 1548 1554 1562 1567 1575 1579 1582 1584 1590 1593 1595 1603 1626 1627 1629 1648 1654 1659 1666 1672 1676 1682 1700 1722 1727 1793 1813 1815 1823 1827 1828 1835 1950 1951 1964 1974 2003 2034 2040 2063 2085 2099 2104 2107 2110 2111 2132 2142 2145 2169 2180 2181 2188 2212 2220 2231 2245 2334 2355 2429 2432 2436 2446 2450 2453 2459 2646 2652 2681 2712 2752 2755 2757 2786 2789 2831 2842 2851 2856 2857 2865 2901 2925 2932 2954 2980 3003 3025 3035 3125 3133 3136 3149 3158 3159 3174 3256 3296 3366 3370 3381 3455 3457 3487 3530 3562 3564 3614 3641 3672 3674 3693 3707 3931 4173 4184 4300 4449 4662 4913 5163 5222 5484 5666 5700 5759 5771 5845 5851 5867 5882 5894 5979 6013 6032 6372 6378 6499 6518 6703 6958 6972 7334 7387 7404 7470 7547 7740 7767 8361 8373 8513 8687 8689 8745 9176 9180 9187 9190 9192 9266 9267 9268 9269 9270 9271 9272 9273 9274 9275 9276 9277 9278 9279 9280 9281 9282 9283 9284 9285 9286 9287 9288 9289 9290 9291 9292 9293 9294 9295 9296 9297 9298 9299 9300 9301 9302 9303 9304 9305 9306 9307 9308 9309 9310 9311 9312 9313 9314 9315 9316 9317 9318 9319 9320 9321 9322 9323 9324 9325 9326 9327 9328 9329 9330 9331 9332 9333 9334 9335 9336 9337 9338 9339 9340 9341 9342 9343 9344 9345 9346 9347 9348 9349 9350 9351 9352 9353 9354 9355
1 8 9 14 20 47 49 51 53 60 68 76 78 81 84 107 116 121 122 124 138 140 149 150 158 168 171 182 185 212 237 241 242 254 312 316 318 338 340 361 370 393 413 414 439 446 455 468 469 471 480 492 493 494 498 500 516 521 529 536 538 580 591 596 631 646 701 725 746 807 817 857 863 870 943 952 1049 1088 1095 1108 1112 1156 1205 1226 1236 1310 1368 1369 1375 1411 1413 1419 1466 1521 1523 1524 1539 1564 1575 1579 1582 1593 1602 1682 1811 1827 1986 2003 2099 2106 2145 2150 2276 2342 2412 2415 2428 2435 2453 2608 2856 2929 3122 3261 3370 3564 3927 3957 3969 4324 5712 5804 5855 6115 6143 6272 6858 6864 7006 8032 8044 8059 8067 8081 8086 9037 9062 9073 9117 9356 9357 9358 9359 9360 9361 9362 9363 9364 9365
1 8 9 20 49 53 55 76 84 117 121 122 124 150 158 168 171 211 241 308 339 406 413 434 439 449 455 467 493 536 591 646 716 817 877 878 884 943 953 954 1003 1051 1088 1095 1112 1137 1160 1226 1236 1292 1368 1376 1385 1407 1413 1419 1432 1455 1502 1523 1539 1542 1582 1590 1593 1604 1700 1807 1941 2063 2089 2115 2132 2142 2228 2232 2789 2856 3139 3147 3153 3406 3676 3928 4324 4417 4768 5845 6115 6358 6995 7092 7209 7404 7671 8010 8029 8041 8073 8505 9123 9326 9366 9367 9368 9369 9370 9371 9372 9373 9374
1 6 8 9 14 20 22 31 33 39 41 49 51 60 76 78 81 83 84 88 92 107 112 121 122 124 126 136 138 142 145 146 148 149 150 154 158 164 168 171 174 177 179 182 185 198 205 231 237 238 239 241 244 247 255 258 267 274 277 280 281 287 290 295 308 316 319 320 325 328 329 339 340 359 370 371 379 393 394 397 399 406 413 414 421 426 428 432 437 439 444 446 448 455 456 459 463 465 467 469 472 476 480 493 500 501 506 509 511 514 515 516 528 535 536 538 553 560 563 580 586 591 595 596 598 601 603 633 640 646 648 669 679 697 705 709 737 746 749 753 807 816 817 829 842 845 857 864 868 870 878 881 892 905 917 940 943 954 980 986 992 998 1003 1020 1049 1051 1054 1055 1056 1059 1063 1072 1077 1088 1091 1095 1096 1098 1105 1108 1111 1112 1117 1138 1144 1149 1169 1186 1195 1205 1206 1209 1226 1236 1240 1241 1280 1285 1299 1312 1345 1347 1357 1367 1368 1369 1375 1376 1377 1381 1385 1404 1406 1407 1413 1419 1421 1423 1425 1430 1432 1433 1447 1455 1464 1466 1502 1505 1523 1524 1529 1535 1539 1546 1549 1573 1575 1576 1579 1582 1593 1595 1598 1640 1661 1666 1670 1676 1682 1708 1749 1757 1759 1762 1777 1818 1823 1934 1957 1972 2002 2063 2085 2132 2140 2145 2147 2149 2150 2167 2170 2171 2181 2189 2232 2251 2257 2264 2347 2412 2423 2427 2436 2451 2453 2490 2611 2632 2636 2656 2658 2659 2669 2693 2801 2828 2831 2856 2859 2864 2869 2916 2919 2929 2944 2966 3003 3114 3118 3147 3150 3165 3249 3346 3370 3382 3455 3478 3480 3538 3840 3879 3947 3951 3958 3967 4064 4140 4179 4305 4310 4324 4624 4625 4639 4655 4754 4872 5084 5120 5157 5338 5471 5557 5636 5845 5882 6115 6295 6347 6362 6369 6416 6630 6769 6811 6870 6972 7473 7834 8017 8020 8029 8037 8074 8089 8100 8105 8901 8995 9008 9031 9080 9108 9151 9236 9293 9349 9360 9364 9375 9376 9377 9378 9379 9380 9381 9382 9383 9384 9385 9386 9387 9388 9389 9390 9391 9392 9393 9394 9395 9396 9397 9398 9399 9400 9401 9402 9403 9404 9405 9406 9407 9408 9409 9410 9411 9412 9413 9414 9415 9416 9417 9418 9419 9420 9421 9422 9423 9424 9425 9426 9427 9428 9429 9430 9431 9432 9433 9434 9435
1 6 8 9 49 51 53 55 60 72 84 121 122 123 124 138 150 152 154 158 168 171 185 238 241 265 272 286 308 318 340 370 372 394 413 414 417 439 444 448 459 471 476 493 498 500 511 514 516 536 538 563 588 591 595 629 646 738 807 817 824 857 864 883 917 934 943 954 992 1003 1034 1077 1088 1091 1095 1112 1226 1236 1298 1368 1369 1375 1376 1377 1413 1419 1423 1502 1523 1524 1529 1532 1539 1579 1582 1593 1594 1599 1676 1759 1951 2052 2132 2147 2181 2188 2209 2232 2307 2412 2423 2427 2453 2455 2519 2760 3127 3406 4055 4310 4468 5300 5595 5603 5666 5796 6710 7016 7151 7511 9436 9437 9438 9439 9440 9441 9442 9443 9444 9445 9446 9447 9448 9449 9450 9451 9452
1 4 6 8 9 10 14 18 20 22 24 30 31 33 35 38 42 45 48 49 51 53 54 55 60 65 66 72 73 76 81 83 84 85 90 97 98 101 109 112 114 119 121 122 123 124 127 131 138 140 142 146 152 154 158 163 165 168 169 171 173 174 175 179 182 185 188 190 203 208 210 211 213 217 219 220 225 233 241 242 244 246 250 264 274 277 278 281 287 291 294 299 304 308 312 313 314 319 328 330 331 332 333 335 338 340 342 345 346 355 359 361 362 376 379 380 386 389 392 393 398 400 402 406 407 411 412 413 414 415 418 422 424 425 426 428 431 434 435 437 439 443 444 447 448 452 453 455 459 461 467 468 469 470 471 472 473 475 476 478 486 493 494 495 496 499 503 504 506 509 511 512 513 514 516 518 519 520 521 523 524 543 548 560 561 565 568 574 576 580 582 591 596 597 600 621 624 625 640 646 659 684 697 706 722 730 731 746 747 764 768 786 789 791 792 794 796 797 818 824 826 829 839 845 847 853 856 857 858 859 860 862 863 870 873 878 884 885 886 890 892 896 897 903 904 905 906 910 912 914 915 927 934 937 940 943 973 979 980 992 998 1001 1024 1051 1053 1056 1059 1072 1074 1077 1081 1095 1096 1098 1110 1111 1112 1114 1118 1131 1137 1139 1144 1149 1150 1153 1161 1170 1174 1175 1181 1182 1183 1187 1189 1193 1195 1199 1203 1204 1226 1228 1236 1238 1239 1240 1243 1244 1257 1269 1278 1286 1292 1303 1304 1310 1312 1344 1375 1376 1422 1440 1455 1460 1476 1502 1604 1629 1632 1633 1658 1659 1661 1664 1666 1670 1672 1673 1681 1683 1686 1691 1699 1710 1713 1738 1757 1766 1781 1790 1797 1801 1827 1829 1938 1950 1977 1978 2024 2025 2028 2086 2087 2089 2110 2120 2132 2154 2163 2180 2201 2202 2220 2224 2226 2238 2264 2305 2307 2320 2330 2356 2362 2364 2390 2412 2413 2452 2473 2501 2519 2523 2543 2552 2558 2574 2608 2617 2623 2640 2656 2668 2669 2712 2747 2798 2807 2818 2832 2844 2852 2875 2876 2887 2922 2965 2968 2975 3003 3006 3018 3020 3137 3139 3141 3153 3156 3159 3213 3230 3235 3259 3302 3309 3351 3358 3372 3383 3394 3395 3408 3412 3430 3438 3456 3457 3468 3473 3479 3480 3481 3488 3535 3544 3570 3579 3617 3672 3731 3732 3750 3770 3813 3931 4094 4103 4110 4349 4391 4591 4804 4830 5209 5236 5278 5389 5531 5532 5584 5621 5633 5711 6014 6021 6070 6342 6420 6455 6467 6944 6972 7186 7479 7631 7767 7933 7940 8099 8180 8205 8857 8983 9324 9453 9454 9455 9456 9457 9458 9459 9460 9461 9462 9463 9464 9465 9466 9467 9468 9469 9470 9471 9472 9473 9474 9475 9476 9477 9478 9479 9480 9481 9482 9483 9484 9485 9486 9487 9488 9489 9490 9491 9492 9493 9494 9495 9496
1 4 6 8 9 18 19 20 22 27 42 45 49 54 55 60 66 76 81 83 84 88 92 109 121 122 124 127 140 146 147 150 152 165 171 182 191 211 215 233 236 247 260 264 273 290 294 302 308 319 329 330 340 345 361 370 376 379 382 396 401 406 407 411 423 426 434 440 444 448 453 459 471 477 495 499 504 506 511 514 518 521 524 525 571 581 631 659 673 679 684 711 782 826 832 838 842 847 860 863 884 918 924 934 937 940 1024 1057 1072 1088 1098 1108 1109 1111 1124 1158 1187 1189 1206 1219 1226 1237 1244 1270 1290 1303 1304 1306 1324 1345 1355 1698 1951 2078 2089 2148 2255 2303 2976 3175 3415 4141 4385 9140 9497 9498 9499 9500 9501
6 8 9 21 24 33 38 49 51 60 70 76 81 84 85 86 121 122 124 133 146 149 150 158 171 177 178 184 188 197 206 208 210 211 213 214 231 235 239 242 247 254 259 264 274 295 306 308 310 311 315 317 318 342 349 359 374 377 389 399 402 412 413 418 426 428 431 439 447 448 453 455 459 467 470 472 476 486 495 498 503 509 514 516 524 528 559 564 575 582 592 595 606 684 704 738 794 796 803 806 814 824 840 842 845 848 849 850 878 886 898 906 910 912 917 930 942 973 990 1029 1051 1077 1096 1098 1111 1114 1119 1135 1150 1170 1172 1174 1193 1195 1208 1228 1248 1283 1347 1376 1455 1507 1523 1539 1554 1575 1581 1643 1648 1657 1670 1721 1748 1762 1766 1796 1807 1827 2008 2028 2111 2142 2150 2226 2231 2232 2278 2322 2350 2439 2453 2490 2519 2583 2624 2635 2687 2704 2768 2829 2837 2862 3005 3032 3071 3127 3138 3246 3260 3367 3370 3371 3382 3385 3557 3697 3831 4161 4795 4854 4868 4936 5210 5425 5477 5483 5712 5751 5866 5894 6045 6807 6975 7013 7334 7743 9374 9499 9502 9503 9504 9505 9506 9507 9508 9509 9510 9511 9512 9513 9514 9515 9516 9517 9518 9519 9520 9521 9522 9523 9524 9525 9526 9527 9528 9529 9530 9531 9532 9533 9534 9535 9536 9537 9538 9539 9540 9541 9542 9543 9544 9545 9546 9547 9548 9549 9550 9551 9552 9553 9554 9555 9556 9557 9558 9559 9560 9561 9562 9563 9564 9565 9566 9567 9568 9569 9570
1 6 8 20 21 23 30 48 49 60 66 88 90 112 115 121 122 123 124 126 134 140 146 150 167 208 213 241 259 267 286 295 301 303 306 312 319 332 338 339 378 402 422 431 444 448 449 470 500 506 519 523 524 528 536 546 547 563 575 580 586 659 680 696 705 716 805 816 873 888 890 905 916 957 983 1024 1047 1095 1114 1181 1231 1233 1299 1308 1342 1434 1554 1694 1823 1825 1933 1977 2037 2065 2080 2104 2201 2217 2224 2272 2661 2799 2815 3053 3338 3764 3865 4730 4862 5240 5565 5802 5840 5888 5954 5980 6137 6332 6378 6601 6616 6670 6850 7811 7819 8397 9206 9207 9208 9209 9210 9211 9571 9572 9573 9574 9575 9576 9577 9578 9579 9580 9581 9582 9583 9584 9585 9586 9587 9588 9589 9590 9591 9592 9593 9594 9595
1 8 9 48 49 72 84 121 122 124 150 158 165 168 171 241 340 413 439 446 493 500 536 591 596 646 746 753 817 857 916 943 1088 1095 1112 1172 1226 1268 1365 1369 1372 1385 1413 1419 1432 1448 1466 1501 1523 1524 1529 1536 1539 1551 1558 1559 1566 1572 1579 1582 1593 2154 3127 5117 6362 7671 9596
1 5 8 9 22 33 49 54 72 76 81 84 85 97 121 122 124 141 146 150 158 168 171 179 202 225 241 258 272 275 303 304 331 340 359 361 370 376 379 392 413 432 435 439 467 470 471 493 494 500 510 518 519 523 524 536 561 591 600 625 646 659 746 817 842 863 870 873 884 898 942 943 1072 1088 1095 1112 1156 1172 1195 1208 1226 1278 1285 1286 1289 1299 1369 1413 1419 1523 1524 1539 1579 1582 1593 1595 1821 1823 2136 2140 2353 2558 2853 2922 2998 3053 3383 3840 9597 9598 9599 9600 9601 9602 9603 9604
22 49 51 140 146 149 150 157 173 208 220 287 308 330 407 431 444 460 506 507 524 646 679 746 860 983 1029 1112 1576 1771 1828 2040 2188 2406 2470 2561 4859 4886 7557 9605 9606
6 8 19 48 49 51 58 116 121 122 123 124 154 157 173 185 190 191 198 208 213 247 282 287 303 306 308 339 358 362 368 369 380 381 391 401 406 410 447 459 478 485 490 494 495 506 511 513 514 516 520 523 561 565 576 580 589 590 626 646 684 698 724 753 786 805 808 812 816 832 863 888 905 983 1024 1029 1033 1047 1060 1075 1088 1114 1138 1144 1191 1217 1312 1345 1446 1484 1523 1539 1554 1576 1577 1700 1722 1798 1805 2040 2052 2104 2185 2188 2189 2202 2227 2266 2318 2321 2380 2402 2406 2411 2434 2533 2663 2675 2710 2722 2787 2798 2806 2811 2827 2888 2953 3073 3115 3287 3467 3561 3562 3572 3713 3747 4024 4087 4104 4195 4411 4480 4649 4796 5280 5484 5487 5492 5769 5776 5881 5976 6526 6570 6659 6891 7446 7593 7627 7777 7968 8451 8773 8959 9105 9605 9606 9607 9608 9609 9610 9611 9612 9613 9614 9615 9616 9617 9618 9619 9620 9621 9622 9623 9624 9625 9626 9627 9628 9629 9630 9631 9632 9633 9634 9635 9636 9637
22 49 51 85 122 140 146 149 150 157 208 220 243 253 287 306 308 312 330 377 379 407 431 444 460 506 507 513 520 524 646 679 816 860 905 940 983 1088 1112 1158 1206 1765 1823 2030 2069 2071 2140 2150 2561 2693 3127 3682 4859 5360 7980 9605 9606 9617 9624 9638 9639
8 22 24 85 112 121 122 146 149 168 189 195 206 208 246 258 330 431 460 470 492 507 521 524 591 646 684 873 881 973 1112 1827 2330 2904 4065 9605
6 8 14 22 41 49 51 53 55 60 73 92 107 121 122 124 126 127 146 149 150 158 171 185 208 211 213 216 220 236 247 280 287 294 295 308 312 330 339 355 358 377 389 406 407 413 431 444 447 453 456 459 460 467 480 485 506 507 514 516 518 524 535 536 569 571 596 646 701 705 738 755 764 791 805 818 828 832 838 857 878 886 905 1005 1029 1051 1057 1077 1112 1117 1149 1185 1206 1229 1257 1458 1577 1682 1700 1801 1815 1818 1823 1828 1951 2030 2042 2051 2069 2071 2145 2150 2154 2355 2423 2561 2642 2663 2681 2718 2773 2805 2904 2983 3073 3382 3480 3682 4044 4065 4754 4859 4957 5425 7608 8622 9105 9605 9606 9640
1 8 31 51 122 124 146 149 208 213 220 247 295 308 330 339 406 407 431 434 447 459 460 507 524 603 646 816 905 980 983 987 1029 1033 1046 1112 1402 1554 1576 2040 2104 2188 2318 2380 2561 2675 2722 2953 3073 3747 4649 4859 9105 9605 9617 9624
1 51 124 146 149 157 208 220 330 407 431 434 460 507 524 646 1112 2336 2561 4859 9605
6 8 48 49 51 122 124 146 149 150 157 208 220 286 294 312 317 330 339 355 378 407 431 434 459 460 469 491 507 519 524 563 646 706 795 905 954 981 983 1112 1191 1226 1360 1654 2212 2330 2336 2561 2722 3208 3211 3700 3856 4859 7547 8282 9605 9641 9642 9643 9644 9645 9646 9647 9648 9649 9650 9651 9652 9653
1 8 18 21 30 31 48 49 55 60 84 88 112 119 121 122 124 134 140 146 147 150 171 179 187 188 213 241 266 308 312 325 330 335 348 361 392 393 444 448 449 471 493 506 510 513 516 520 521 524 528 536 543 590 591 596 702 731 805 838 842 855 863 870 878 888 896 905 937 1047 1077 1093 1095 1111 1118 1166 1182 1241 1270 1344 1402 1434 1554 1625 1672 1674 1681 1694 1823 1835 2055 2104 2228 2463 2470 3115 3602 3682 4751 4839 5517 6251 6255 6378 6656 9209 9210 9211 9654 9655
1 22 49 51 86 122 124 140 146 149 150 157 208 220 279 319 330 407 431 434 460 492 507 524 646 679 684 839 842 860 1112 1206 2336 2361 2561 4859 9605
1 6 8 49 51 53 66 73 116 122 146 158 208 220 243 287 288 308 312 330 340 379 407 414 431 434 444 480 490 506 507 524 536 559 572 596 646 731 747 805 829 857 970 983 1003 1005 1029 1046 1051 1052 1138 1158 1236 1360 1401 1402 1432 1473 1576 1578 1640 1682 1762 2003 2061 2071 2127 2145 2188 2341 2380 2561 2773 2798 2807 2841 3055 3287 4859 4957 5454 5733 9605 9606 9632 9656 9657 9658 9659 9660 9661
6 8 20 31 51 53 55 121 122 138 146 150 158 174 208 213 220 243 287 308 312 330 406 407 431 444 472 480 498 507 524 536 646 726 794 805 857 905 1020 1029 1149 1206 1207 1368 1404 1601 1616 1699 1765 1818 2104 2561 3045 4754 4859 6822 9605 9606 9639 9662 9663 9664 9665 9666 9667 9668
1 49 51 53 65 122 146 150 158 185 198 208 219 220 287 291 308 312 330 362 369 407 417 431 447 480 507 524 571 586 596 646 648 679 808 818 829 842 857 878 905 980 983 1005 1029 1090 1158 1236 1368 1401 1446 1458 1480 1484 1562 1576 1578 1625 1700 1823 1828 2188 2205 2345 2470 2561 2811 3728 3879 4087 4382 4859 5275 5492 5912 6125 8266 8545 9605 9606 9669 9670 9671 9672
6 49 51 53 88 98 121 122 140 146 158 165 175 179 208 220 267 270 287 308 312 330 361 407 413 431 444 480 500 507 510 511 516 524 559 571 590 646 679 818 838 905 1005 1029 1077 1158 1189 1206 1236 1356 1505 1575 1793 1818 1835 2062 2150 2334 2339 2436 2561 3056 3167 4859 5360 9605 9606 9673 9674 9675 9676 9677 9678
8 51 53 88 122 146 158 208 220 247 287 308 312 330 407 419 431 434 480 500 506 507 513 516 520 524 536 572 596 646 767 805 857 885 905 1005 1024 1029 1051 1055 1206 1229 1360 1361 1458 1590 1762 1816 2071 2122 2150 2197 2561 2773 2846 3136 4279 4859 5646 8502 9605 9606 9670 9679 9680 9681
8 31 51 53 73 117 122 146 158 208 220 225 243 287 310 312 330 407 431 455 476 480 507 524 571 586 646 778 829 857 878 886 999 1029 1051 1200 1449 1554 1576 1700 1793 2033 2145 2150 2355 2450 2561 2661 2718 2919 2925 2975 3047 4649 4859 5200 5425 5696 5894 6069 7493 9605 9606 9682 9683 9684 9685
8 31 34 51 122 146 158 208 213 220 243 286 287 308 312 330 340 380 389 401 407 414 431 447 452 459 480 500 506 507 513 516 520 524 536 565 646 648 796 829 840 857 902 993 1029 1051 1090 1102 1158 1699 2052 2071 2104 2150 2173 2191 2561 2575 3856 4044 4376 4449 4859 4930 5298 6378 9105 9605 9606 9668 9686 9687
51 146 158 208 219 220 247 287 291 308 330 339 400 407 431 480 507 524 536 646 821 829 857 1029 1309 1312 1805 2257 2561 4044 4859 6351 7660 9605 9606 9688
1 8 49 51 55 122 146 149 150 158 208 220 243 287 308 312 330 346 358 362 379 406 407 414 418 431 446 447 463 480 507 523 524 536 571 646 731 753 829 857 905 970 980 1005 1029 1051 1056 1117 1158 1172 1265 1539 1567 1666 1682 1700 1793 2008 2071 2127 2145 2150 2197 2561 2693 2798 2944 2955 3011 3294 3623 4044 4103 4859 5733 6157 9605 9606 9689 9690 9691 9692 9693
1 8 31 48 49 60 66 81 88 119 122 140 146 149 150 171 179 185 198 208 225 228 241 289 294 306 308 310 312 330 331 338 358 379 393 414 419 444 446 448 461 469 470 476 485 494 498 500 503 514 516 517 521 524 528 535 536 563 581 591 596 679 796 805 829 842 857 858 863 870 878 905 925 930 970 980 985 992 997 1003 1005 1012 1054 1149 1157 1181 1204 1231 1240 1311 1312 1402 1434 1440 1460 1537 1554 1595 1625 1676 1699 1700 1722 1739 1806 1818 1823 1835 1837 1951 1979 2052 2104 2145 2226 2235 2341 2389 2423 2427 2463 2470 2634 2644 2661 2682 2716 2811 2821 2833 2904 3022 3056 3076 3136 3203 3602 4044 4278 4637 4839 4869 5806 5896 6300 6363 6378 6389 6651 6674 7767 7811 7922 8144 8186 8361 8571 8789 8923 9209 9211 9694 9695 9696 9697 9698 9699 9700 9701 9702 9703 9704 9705 9706 9707 9708 9709 9710 9711 9712 9713
49 51 122 146 158 198 208 220 287 305 330 407 431 465 480 507 524 536 571 646 684 805 954 1029 2071 2188 2561 3073 3888 4044 4859 7954 9605 9606 9714 9715 9716 9717
8 49 51 90 117 122 146 158 208 220 244 277 287 295 306 308 330 339 348 362 406 407 421 431 434 444 459 472 480 493 507 524 535 586 596 646 679 778 795 878 905 954 980 1029 1345 1476 1523 1678 1682 1700 1793 1797 1979 1983 2049 2104 2145 2450 2561 2661 2693 3371 3569 3643 3697 4044 4151 4854 4859 4871 7737 9094 9330 9605 9606 9683 9718 9719 9720
1 8 31 51 122 146 150 158 208 213 220 287 308 330 362 407 431 452 480 500 507 523 524 596 646 829 968 1005 1029 1577 1648 1682 1793 2071 2145 2150 2561 4044 4056 4859 4865 8193 9605 9606 9693 9721
6 8 18 49 51 72 76 107 116 122 142 146 157 158 165 171 178 179 184 206 208 213 220 243 245 250 252 287 295 306 308 317 318 330 339 342 362 374 401 407 413 417 429 431 447 459 476 491 493 507 519 520 524 563 565 571 586 596 603 610 646 698 730 764 803 805 829 856 857 878 905 938 962 972 980 983 998 1019 1029 1077 1100 1139 1153 1183 1248 1300 1302 1311 1313 1347 1460 1559 1576 1625 1648 1671 1678 1682 1793 1823 1933 1952 1970 1979 2015 2040 2077 2080 2145 2150 2179 2251 2257 2304 2318 2355 2380 2382 2435 2556 2561 2634 2661 2728 2789 2806 2833 2975 2986 3073 3111 3113 3120 3215 3244 3280 3367 3393 3512 3522 3600 3693 4044 4079 4103 4187 4361 4794 4795 4806 4850 4859 4903 4929 5007 5174 5300 5483 5484 5492 5533 5557 5595 5712 5769 5808 5866 5986 6069 6301 6404 6639 6891 6975 7338 7567 7599 7627 7776 7974 8144 8171 8193 8408 8782 8959 9262 9605 9606 9698 9722 9723 9724 9725 9726 9727 9728 9729 9730 9731 9732 9733 9734 9735 9736 9737 9738 9739 9740 9741 9742 9743 9744 9745 9746 9747 9748 9749 9750 9751
51 90 122 146 149 150 158 179 208 220 241 287 330 347 407 431 434 460 507 523 524 535 646 795 816 930 993 1029 1055 1112 1172 1576 1599 1648 1678 2050 2145 2150 2173 2561 2693 3228 3501 3514 3825 3968 4260 4376 4769 4859 5007 9605 9606 9686 9752 9753 9754 9755 9756 9757 9758 9759
1 6 8 21 22 24 35 40 44 49 51 60 66 73 76 81 84 85 97 101 112 121 122 124 134 138 142 146 148 149 150 153 154 157 158 165 168 171 182 185 186 194 204 205 206 208 213 216 219 220 225 231 236 244 248 251 252 258 260 274 280 282 283 291 293 297 301 303 305 308 312 315 329 330 331 332 335 338 344 349 351 366 367 368 370 379 380 392 396 402 412 414 419 422 434 435 444 446 447 448 453 460 465 467 469 470 471 472 475 478 479 480 493 494 495 498 499 500 501 506 507 509 511 513 514 516 517 520 521 523 524 536 560 565 586 596 603 659 673 679 684 685 705 740 759 785 829 835 857 863 870 873 878 879 884 890 895 902 920 954 972 979 1003 1005 1025 1033 1051 1064 1095 1096 1098 1129 1138 1158 1164 1183 1205 1206 1213 1236 1240 1263 1270 1285 1324 1401 1476 1539 1599 1626 1640 1670 1673 1699 1700 1704 1710 1738 1750 1751 1752 1762 1765 1790 1801 1807 1823 1934 1979 2004 2136 2138 2142 2220 2222 2235 2302 2307 2319 2418 2434 2470 2557 2558 2638 2646 2667 2672 2680 2807 2821 2851 3019 3025 3366 3374 3387 3397 3480 3737 3764 3774 3898 3923 4355 4631 4795 4868 5300 5712 5798 6087 6326 6376 6422 6825 6831 6880 7956 8668 8700 9760 9761 9762 9763 9764 9765 9766 9767 9768 9769 9770 9771 9772 9773 9774 9775 9776 9777 9778 9779 9780 9781 9782 9783 9784 9785 9786 9787
122 842 9788 9789
8 9 21 49 65 88 122 146 149 158 164 168 171 189 208 231 241 258 306 315 330 340 368 370 372 374 380 386 395 407 419 422 432 453 511 514 521 524 529 530 554 560 561 590 591 594 600 646 684 726 806 807 816 845 873 905 948 973 1012 1029 1034 1112 1190 1281 1402 1424 1523 1583 1598 2401 2486 2693 2837 2969 2975 3156 3602 4248 5576 6934 6957 7446 9620 9790 9791 9792 9793 9794 9795
1 4 6 8 9 13 14 16 18 19 20 22 24 38 40 42 44 46 48 49 51 53 54 55 58 60 63 72 76 81 83 84 85 86 87 88 92 97 98 101 102 109 112 121 122 123 124 130 136 138 140 141 146 149 150 157 158 165 168 171 174 176 177 180 182 184 185 188 190 194 200 201 202 204 205 206 208 210 211 212 213 217 218 219 220 222 225 228 233 234 236 237 239 244 246 247 248 251 255 258 259 260 261 264 265 267 272 274 275 280 282 286 290 291 293 294 300 303 305 306 308 311 312 313 315 319 328 329 330 331 335 338 339 340 344 346 348 351 354 355 359 361 365 366 367 368 369 370 374 375 376 377 379 381 384 385 386 387 389 392 394 398 400 402 403 406 411 412 414 417 418 419 422 424 425 426 430 434 435 437 439 440 441 443 444 445 446 447 448 452 453 455 456 460 461 467 468 469 470 471 472 473 475 476 478 479 484 485 486 491 493 494 495 496 497 498 499 500 501 503 504 506 507 509 510 511 512 513 514 515 516 517 518 519 520 521 522 523 524 525 528 536 548 552 559 563 571 580 581 590 591 592 599 600 603 621 625 629 639 646 647 658 659 669 673 679 682 684 690 692 705 711 718 719 727 737 746 747 764 774 775 790 792 794 796 807 812 815 816 820 824 826 828 830 838 842 845 853 857 858 860 863 870 878 879 881 882 891 892 894 897 903 905 906 910 912 914 917 918 919 921 924 931 934 940 954 972 973 998 1005 1031 1034 1044 1051 1053 1055 1057 1059 1063 1074 1077 1082 1088 1095 1102 1103 1112 1114 1117 1118 1119 1123 1126 1129 1130 1131 1133 1135 1136 1138 1141 1144 1157 1164 1166 1168 1169 1170 1174 1175 1181 1182 1187 1193 1194 1199 1204 1206 1208 1212 1219 1225 1226 1227 1228 1229 1236 1240 1241 1244 1247 1257 1258 1262 1269 1278 1280 1284 1286 1289 1291 1292 1300 1320 1324 1344 1345 1350 1413 1566 1575 1609 1619 1622 1632 1642 1646 1654 1659 1670 1682 1694 1700 1710 1712 1719 1744 1752 1759 1768 1770 1773 1775 1786 1793 1795 1801 1807 1818 1821 1826 1829 1919 1923 1927 1934 1941 1951 1957 1970 1978 1983 1985 1992 2004 2010 2024 2028 2051 2061 2071 2076 2078 2089 2105 2112 2131 2136 2140 2148 2178 2179 2180 2194 2245 2246 2247 2252 2271 2276 2281 2288 2294 2302 2319 2330 2347 2350 2402 2408 2419 2448 2486 2506 2519 2543 2556 2557 2608 2658 2691 2700 2747 2766 2780 2795 2809 2829 2875 2881 2895 2904 2909 2940 2945 2952 2955 2972 2982 2983 2996 3005 3011 3019 3025 3071 3114 3125 3160 3192 3255 3298 3302 3307 3323 3423 3441 3473 3478 3522 3571 3643 3682 3770 3823 3852 3947 4092 4104 4112 4154 4368 4398 4407 4417 4446 4468 4546 4591 4872 4883 4921 4935 5187 5188 5195 5219 5236 5335 5345 5360 5397 5399 5422 5471 5515 5517 5531 5759 5785 5871 5882 5895 6053 6061 6199 6222 6304 6337 6596 6657 6714 6750 6761 6767 6814 6822 6824 6825 6880 6970 6974 7295 7421 7453 7508 7897 8009 8543 8862 9298 9779 9796 9797 9798 9799 9800 9801 9802 9803 9804 9805 9806 9807 9808 9809 9810 9811 9812 9813 9814 9815 9816 9817 9818 9819 9820 9821 9822 9823 9824 9825 9826 9827 9828 9829 9830 9831 9832 9833 9834 9835 9836 9837 9838 9839 9840 9841 9842 9843 9844 9845 9846 9847 9848 9849 9850 9851 9852 9853 9854 9855 9856 9857 9858 9859 9860 9861 9862 9863
16 18 20 22 30 42 43 49 50 51 52 54 55 56 59 60 68 75 78 81 83 84 90 109 112 121 122 123 124 126 136 138 140 146 150 171 207 215 221 225 249 250 314 319 325 330 355 369 376 380 381 385 393 439 448 458 460 468 471 473 475 476 479 498 503 504 514 516 519 521 530 536 546 581 590 603 624 629 631 659 667 697 702 705 746 755 800 845 854 855 861 863 870 884 920 932 937 940 987 990 1028 1029 1045 1050 1054 1056 1075 1098 1114 1121 1148 1149 1153 1171 1182 1193 1194 1210 1244 1297 1310 1344 1729 1780 1783 1821 2086 2330 2397 2535 2769 2835 3412 3484 3718 4730 4872 5243 5486 5498 5517 5767 6059 6256 6461 6518 6601 7521 8188 8439 8480 8841 9466 9646 9864 9865 9866 9867 9868 9869 9870 9871 9872 9873 9874 9875 9876 9877 9878 9879 9880
148 154 805 905 1434 1554 1823 3602
2 6 8 9 13 14 18 20 21 22 24 30 31 40 42 43 44 49 51 53 54 56 59 60 80 81 84 86 88 92 95 101 104 107 116 119 121 122 124 129 130 138 145 146 148 150 154 167 168 171 177 179 181 187 188 190 191 194 202 207 212 217 230 232 237 238 249 255 256 263 267 268 275 280 285 287 290 294 295 306 308 310 313 320 325 331 339 340 345 346 355 361 362 370 371 372 378 379 380 381 393 394 398 399 400 401 402 406 424 430 435 436 437 444 448 449 452 455 459 461 463 465 468 469 470 472 475 476 478 490 500 503 504 509 511 512 513 516 517 519 524 525 542 543 549 555 557 560 561 563 564 567 571 572 574 575 576 579 580 581 584 586 587 589 590 595 596 598 601 602 603 624 629 635 643 655 666 667 669 692 697 709 720 722 732 735 737 746 747 759 764 768 769 788 790 794 796 804 805 808 812 816 817 818 820 829 845 848 853 858 860 863 864 868 876 878 881 884 890 896 898 905 910 916 917 918 923 930 938 953 998 1005 1012 1019 1020 1022 1024 1025 1029 1031 1032 1033 1040 1042 1043 1047 1048 1049 1051 1055 1056 1075 1077 1086 1087 1088 1098 1111 1130 1136 1138 1150 1157 1162 1165 1170 1173 1181 1190 1196 1198 1204 1205 1209 1214 1227 1229 1232 1243 1244 1261 1278 1279 1291 1299 1300 1319 1320 1323 1324 1338 1345 1347 1355 1360 1452 1539 1544 1558 1575 1576 1619 1621 1627 1640 1643 1648 1651 1659 1668 1682 1685 1693 1698 1699 1710 1723 1749 1759 1771 1773 1781 1786 1793 1795 1796 1797 1798 1816 1818 1823 1919 1923 1964 1968 1970 1979 1995 2003 2008 2026 2052 2074 2078 2102 2104 2110 2120 2122 2131 2147 2188 2221 2232 2242 2244 2245 2264 2271 2272 2326 2362 2380 2402 2411 2427 2428 2436 2439 2452 2457 2506 2519 2533 2557 2584 2617 2681 2687 2711 2713 2760 2773 2805 2806 2807 2826 2844 2858 2875 2893 2905 2935 2937 2956 2975 2987 3008 3025 3137 3212 3214 3228 3247 3323 3393 3411 3414 3439 3455 3488 3505 3522 3538 3572 3573 3590 3748 3773 3786 3801 3883 3894 3907 3958 3979 3984 4060 4092 4103 4110 4170 4308 4355 4567 4589 4591 4623 4648 4751 4795 4813 4859 4862 4871 4898 5163 5236 5485 5487 5500 5515 5529 5543 5593 5614 5684 5725 5744 5758 5768 5793 5823 5911 6025 6026 6066 6077 6080 6137 6151 6167 6200 6274 6281 6357 6714 6821 6909 6939 6994 7209 7267 7328 7362 7380 7471 7484 7504 7513 7547 7579 7584 7586 7592 7595 7608 7616 7620 7629 7630 7814 8033 8186 8197 8205 8898 9042 9060 9423 9881 9882 9883 9884 9885 9886 9887 9888 9889 9890 9891 9892 9893 9894 9895 9896 9897 9898 9899 9900 9901 9902 9903 9904 9905 9906 9907 9908 9909 9910 9911 9912 9913 9914 9915 9916 9917 9918 9919 9920 9921 9922 9923 9924 9925 9926 9927 9928 9929 9930 9931 9932 9933 9934 9935 9936
1 8 14 18 20 30 49 50 54 55 60 75 81 84 88 109 112 119 122 138 140 142 174 211 272 289 295 308 330 339 369 380 411 448 470 471 475 476 479 516 530 603 624 705 769 805 842 860 937 938 1003 1054 1148 1210 1230 1247 1541 1780 1921 2219 2255 2389 2845 3374 3412 4080 4278 4908 5650 5742 6256 7665 8118 9937 9938 9939 9940
8 78 122 149 158 171 208 241 266 306 310 407 419 422 444 449 506 513 520 554 557 590 816 905 1029 1112 1236 1368 1425 1640 1676 2021 2150 2693 2720 2919 2969 2975 3143 3602 4248 6064 6175 9792 9795 9941 9942 9943
6 8 9 18 20 21 22 24 27 31 40 42 48 49 51 53 54 55 58 60 72 76 81 83 84 87 88 92 97 112 121 122 124 133 134 136 140 146 150 154 155 156 157 158 159 160 161 162 165 168 169 170 171 173 177 178 179 180 182 183 184 185 187 191 193 195 196 198 202 204 205 206 213 214 215 218 219 220 227 231 233 236 240 243 246 247 248 251 253 257 258 260 262 266 271 273 274 275 279 280 282 283 287 291 293 294 299 302 303 305 307 308 312 313 314 315 316 317 318 319 323 325 327 328 329 330 331 332 335 336 337 338 339 340 342 343 344 346 347 348 350 351 354 355 356 357 358 360 361 362 366 367 368 369 370 372 374 375 377 379 380 383 385 390 391 392 393 395 400 402 404 408 412 414 417 418 419 422 426 427 428 430 431 432 433 434 438 439 440 441 444 446 448 449 453 456 459 463 464 469 470 472 473 474 476 483 485 486 493 494 496 500 501 502 503 504 505 506 507 508 509 510 511 512 513 514 515 516 517 518 519 520 521 523 524 525 528 546 621 625 629 635 648 654 656 663 664 673 679 701 705 711 719 747 764 777 787 790 791 792 806 816 821 824 827 828 842 844 845 846 849 850 853 860 863 864 870 873 878 879 889 906 918 923 927 937 938 940 944 946 972 973 987 1021 1084 1088 1093 1096 1100 1102 1111 1114 1129 1131 1141 1147 1161 1167 1170 1172 1190 1194 1215 1219 1226 1229 1241 1243 1265 1270 1274 1278 1283 1286 1287 1291 1302 1306 1310 1335 1340 1342 1401 1459 1523 1619 1622 1643 1682 1749 1759 1762 1772 1797 1801 1805 1916 1921 1922 1923 1927 1937 1951 2010 2019 2024 2105 2159 2217 2251 2257 2283 2301 2304 2329 2350 2354 2389 2452 2536 2687 2693 2864 3147 3182 3448 4351 4468 4840 4842 4918 5742 6722 6782 6843 7485 7925 9944 9945 9946 9947 9948 9949 9950 9951 9952 9953 9954
1 8 9 13 22 31 38 44 49 51 54 60 73 76 79 80 81 88 92 99 104 116 117 121 122 124 129 131 138 147 148 149 150 154 167 171 177 179 181 190 202 212 232 237 238 249 255 256 264 278 280 285 290 294 295 296 306 307 308 325 330 331 339 345 346 355 357 359 361 369 371 372 375 378 379 382 385 387 392 394 398 400 401 402 406 414 419 422 426 444 452 453 459 468 469 471 472 475 476 478 485 490 503 511 512 514 516 519 524 542 543 549 555 557 560 561 563 567 571 572 574 576 581 584 586 588 590 595 596 597 598 601 602 603 629 643 647 651 655 667 709 731 732 737 764 768 790 812 816 817 818 845 848 850 853 858 863 868 876 878 881 884 888 905 916 930 938 953 992 998 1005 1020 1024 1025 1032 1043 1048 1049 1051 1056 1059 1074 1098 1130 1143 1150 1157 1165 1170 1181 1196 1204 1205 1244 1261 1291 1299 1323 1345 1361 1382 1432 1458 1499 1539 1544 1566 1576 1620 1651 1682 1710 1721 1722 1726 1727 1759 1781 1793 1795 1798 1818 1819 1827 1849 1919 1923 1950 1965 1968 1970 1975 1995 1996 2002 2003 2008 2040 2104 2122 2147 2159 2178 2188 2191 2192 2232 2251 2264 2271 2302 2375 2402 2411 2434 2436 2439 2506 2581 2681 2712 2769 2773 2787 2835 2846 2935 2937 2956 3025 3137 3179 3228 3277 3302 3393 3455 3538 3542 3573 3618 3646 3692 3770 3773 3782 3852 3860 3875 3879 4110 4308 4355 4416 4455 4589 4623 4629 4744 4827 4859 4862 4883 4914 5001 5355 5471 5500 5566 5656 5684 5743 5753 5768 5882 5889 6026 6068 6074 6077 6081 6137 6151 6167 6363 6481 6539 6782 6939 7010 7201 7267 7328 7453 7480 7484 7504 7579 7592 7595 7629 7630 7790 7794 7814 8825 8898 8976 9256 9411 9494 9884 9890 9892 9893 9894 9899 9903 9907 9909 9916 9929 9955 9956 9957 9958 9959 9960 9961 9962 9963 9964 9965 9966 9967 9968 9969 9970 9971 9972 9973 9974 9975 9976 9977 9978 9979 9980 9981 9982 9983 9984 9985 9986 9987 9988 9989 9990 9991 9992 9993 9994 9995 9996 9997 9998 9999 10000 10001 10002
1 10 30 49 81 86 122 149 157 220 303 306 308 338 459 469 503 523 535 546 563 641 732 805 814 863 980 1118 1566 1648 1699 1729 2033 2037 2080 2104 2140 2186 2748 4196 6643 7676 8803 10003 10004 10005 10006 10007 10008
1 4 6 8 9 13 14 16 18 19 20 22 24 38 40 42 44 46 48 49 51 53 54 55 58 60 63 66 68 70 72 76 81 83 84 85 86 87 88 90 92 97 98 101 102 109 112 119 121 122 123 124 130 136 138 140 141 146 149 150 157 158 165 168 171 174 176 177 180 182 185 188 189 190 191 194 200 201 202 203 204 205 206 207 208 210 211 212 213 217 218 219 220 222 225 228 233 234 236 237 239 244 246 247 248 250 251 255 258 259 260 261 264 265 267 272 274 275 280 282 286 287 290 291 293 294 300 303 305 306 307 308 309 311 312 313 315 319 328 329 330 331 335 338 339 340 344 345 346 348 351 354 355 359 361 365 367 369 370 375 376 377 379 381 384 385 386 387 389 391 392 394 398 400 402 403 406 407 411 412 413 414 417 418 419 422 424 425 426 430 431 434 435 437 439 440 441 443 444 445 446 447 448 452 453 455 456 459 460 461 465 467 468 469 470 471 472 473 475 476 478 479 484 485 486 491 492 493 494 495 496 497 498 499 500 503 504 506 507 509 510 511 512 513 514 515 516 517 518 519 520 521 522 523 524 525 528 530 536 548 552 559 565 569 571 580 581 582 590 591 592 596 599 600 603 621 624 625 629 631 639 646 647 658 659 669 673 679 682 684 686 690 692 705 711 718 719 727 732 737 746 747 764 768 774 775 790 792 794 796 806 807 811 812 815 816 820 824 826 827 828 830 838 842 845 849 853 856 857 858 860 863 870 873 878 879 881 882 884 886 891 892 894 897 903 905 906 910 912 914 917 918 919 921 924 930 931 934 939 940 942 954 972 973 992 998 1005 1031 1034 1044 1045 1051 1053 1055 1057 1059 1063 1066 1074 1077 1082 1088 1095 1102 1103 1111 1112 1114 1117 1118 1119 1123 1126 1129 1130 1131 1133 1135 1136 1138 1141 1144 1156 1157 1158 1164 1166 1168 1169 1170 1174 1175 1179 1181 1182 1187 1193 1194 1195 1199 1204 1206 1208 1212 1214 1215 1219 1225 1226 1227 1228 1229 1236 1240 1241 1243 1244 1247 1248 1257 1258 1262 1269 1278 1280 1284 1286 1289 1290 1291 1292 1300 1320 1324 1344 1345 1347 1350 1356 1385 1413 1446 1447 1477 1507 1566 1575 1609 1619 1622 1629 1632 1640 1642 1646 1654 1659 1666 1670 1672 1681 1682 1694 1697 1698 1699 1700 1710 1712 1719 1744 1752 1759 1764 1768 1770 1775 1786 1793 1795 1797 1801 1805 1807 1818 1821 1826 1829 1919 1923 1927 1934 1941 1942 1951 1957 1962 1970 1978 1983 1985 1992 2004 2010 2024 2028 2033 2051 2061 2068 2071 2076 2078 2089 2105 2112 2119 2136 2140 2142 2148 2178 2179 2180 2194 2238 2245 2246 2247 2252 2271 2276 2281 2288 2294 2302 2309 2319 2330 2338 2347 2350 2402 2408 2417 2419 2438 2448 2486 2506 2519 2543 2556 2557 2558 2583 2608 2623 2640 2658 2669 2682 2691 2693 2700 2716 2747 2766 2780 2795 2809 2829 2835 2837 2853 2875 2881 2887 2895 2904 2909 2918 2920 2927 2940 2945 2952 2955 2972 2982 2996 3005 3011 3019 3025 3071 3114 3125 3160 3192 3255 3298 3302 3307 3323 3370 3423 3441 3473 3478 3522 3571 3583 3643 3663 3682 3770 3823 3852 3947 4064 4078 4092 4097 4104 4154 4258 4285 4303 4368 4398 4407 4417 4425 4446 4468 4546 4591 4872 4883 4921 4935 5147 5187 5188 5219 5236 5267 5335 5345 5360 5397 5399 5422 5439 5471 5515 5517 5531 5602 5759 5785 5871 5882 5895 5925 6053 6061 6199 6200 6222 6304 6337 6570 6596 6657 6714 6750 6761 6767 6775 6783 6822 6824 6825 6880 6970 6974 7295 7421 7453 7508 7572 7897 8009 8205 8211 8543 8862 9298 9473 9779 9796 9797 9798 9799 9800 9802 9805 9806 9807 9809 9810 9812 9813 9814 9815 9816 9817 9818 9819 9820 9821 9822 9823 9824 9825 9826 9827 9828 9829 9830 9831 9832 9833 9834 9835 9836 9837 9838 9839 9840 9841 9842 9843 9844 9845 9846 9847 9848 9849 9850 9851 9852 9853 9854 9855 9856 9857 9858 9859 9860 9861 9862 9863 9893 9954 10009 10010 10011 10012 10013 10014 10015 10016 10017 10018 10019 10020 10021 10022 10023 10024 10025 10026 10027 10028 10029 10030 10031 10032 10033 10034 10035 10036 10037 10038 10039 10040 10041 10042 10043 10044 10045 10046 10047
1 8 9 14 18 22 38 40 48 49 51 53 55 58 81 84 85 97 102 112 121 122 123 124 134 141 146 150 152 157 158 165 168 171 173 174 177 182 184 185 188 201 202 204 205 206 208 211 213 214 219 220 225 236 238 241 242 243 244 246 248 251 254 258 260 268 275 277 280 282 287 291 293 295 302 303 305 308 310 311 315 317 330 335 338 344 351 366 367 368 370 374 379 380 389 392 393 401 402 406 407 410 412 414 417 418 419 422 431 434 435 439 444 446 447 448 452 459 461 467 468 469 472 473 479 480 482 485 486 491 493 494 495 496 497 499 500 501 503 506 507 509 511 513 514 515 520 521 523 524 560 576 591 596 631 646 648 662 679 684 729 740 764 790 812 845 856 863 870 878 882 886 892 898 905 917 945 970 987 992 1051 1093 1095 1096 1098 1129 1150 1152 1174 1181 1193 1229 1240 1256 1278 1302 1308 1324 1345 1356 1629 1670 1682 1699 1796 1797 1801 1849 1978 1979 2008 2131 2136 2148 2224 2226 2243 2257 2280 2294 2308 2318 2350 2362 2418 2543 2583 2616 2634 2795 2821 2832 2904 2972 2983 2996 3003 3234 3279 3378 3391 3480 3495 3505 3535 3653 3682 3898 4067 4112 4384 4409 4415 4766 4868 4982 5251 5360 5422 5636 5637 6611 6669 6676 6783 6814 6958 7183 7990 9960 10048 10049 10050 10051 10052 10053 10054 10055 10056 10057 10058 10059
1 30 86 122 147 149 157 159 188 220 228 241 306 308 338 516 524 546 559 563 612 613 618 619 641 732 814 938 949 1024 1085 1248 1251 1566 1616 1618 1648 1699 1729 2033 2110 2140 2186 2334 2481 2685 2748 3065 3081 3273 3522 3818 3854 3855 4026 4196 4537 4683 5175 5179 5296 5297 5298 5300 5303 5304 5305 5484 5700 5714 5793 5937 5966 6244 6595 6667 6686 6882 6927 7409 7411 7412 7414 7465 7541 7676 7778 7779 7835 7977 8009 8223 8224 8225 8345 8803 8960 8961 8962 8963 8964 8965 8971 9269 9503 9504 9608 9615 9800 9801 9804 9955 10004 10005 10006 10008 10010 10060 10061 10062 10063 10064 10065 10066 10067 10068 10069 10070 10071 10072 10073 10074 10075 10076 10077 10078 10079 10080 10081 10082 10083 10084 10085 10086 10087 10088 10089 10090 10091 10092 10093 10094 10095 10096 10097 10098 10099 10100 10101 10102 10103 10104 10105 10106 10107 10108 10109 10110 10111 10112 10113 10114 10115 10116 10117 10118 10119 10120 10121 10122 10123 10124 10125 10126 10127 10128 10129 10130 10131 10132 10133 10134 10135 10136 10137 10138 10139 10140 10141 10142 10143 10144 10145 10146 10147 10148 10149 10150 10151 10152 10153 10154 10155 10156 10157 10158 10159 10160 10161 10162 10163 10164 10165 10166 10167 10168 10169 10170 10171 10172 10173 10174 10175 10176 10177 10178 10179 10180 10181 10182 10183 10184 10185 10186 10187 10188 10189 10190 10191 10192 10193 10194 10195 10196 10197 10198 10199 10200 10201 10202 10203 10204 10205 10206 10207 10208 10209 10210 10211 10212 10213 10214 10215 10216 10217 10218 10219 10220 10221 10222 10223 10224 10225 10226 10227 10228 10229 10230 10231 10232 10233 10234 10235 10236 10237
5 6 8 20 21 27 49 84 88 112 115 116 122 124 134 138 147 177 179 185 214 217 232 247 286 295 307 338 346 358 376 387 420 428 433 452 455 457 459 469 515 516 527 535 563 572 590 591 595 639 673 680 724 731 738 816 821 824 827 850 873 890 992 993 1029 1051 1057 1096 1105 1126 1170 1181 1214 1222 1309 1312 1345 1368 1576 1626 1699 1764 1950 1955 1992 1993 2100 2132 2232 2257 2272 2424 2670 2875 2935 3053 3204 3343 3475 3490 3505 3898 4411 4840 5179 5397 5636 6025 6099 6258 6590 6776 7190 7676 8094 8897 9969 10092 10238 10239 10240 10241 10242 10243 10244 10245 10246 10247 10248 10249 10250 10251 10252 10253 10254 10255 10256 10257 10258 10259
124 147 148 149 150 152 153 154 717
1 4 6 8 9 16 20 21 22 24 30 38 40 42 43 47 49 50 51 55 58 59 60 66 81 84 85 87 88 90 92 98 101 107 112 117 121 122 123 124 131 134 138 140 146 147 149 150 152 157 158 165 168 171 174 176 177 179 182 185 189 194 195 198 201 202 204 205 206 208 211 213 214 217 219 220 221 236 238 240 242 246 247 248 250 251 252 258 260 264 267 272 274 275 280 282 286 291 293 301 302 303 305 311 312 313 315 319 325 328 330 335 338 339 340 344 348 351 355 358 361 362 366 367 368 370 374 375 376 377 378 379 381 386 387 392 394 399 400 401 402 406 410 411 412 414 418 419 422 425 426 431 434 435 439 444 446 448 453 455 459 461 467 468 469 470 471 472 473 475 476 486 491 493 494 495 497 498 499 500 501 503 504 506 507 509 510 511 512 513 514 515 516 517 518 519 520 521 523 524 525 528 530 536 571 581 582 586 588 629 646 662 663 669 673 679 684 701 705 711 729 746 764 791 794 810 812 814 815 816 820 823 824 830 850 853 858 860 863 864 868 870 873 892 893 895 905 906 907 917 920 932 973 979 983 993 1007 1026 1029 1051 1055 1082 1098 1118 1121 1127 1128 1131 1133 1135 1136 1139 1144 1150 1151 1157 1173 1174 1182 1183 1195 1208 1227 1229 1231 1232 1236 1241 1242 1243 1262 1284 1286 1292 1298 1306 1322 1334 1344 1345 1361 1507 1510 1619 1622 1629 1648 1670 1693 1697 1699 1704 1706 1719 1723 1744 1752 1759 1770 1797 1807 1823 1826 1919 1920 1927 1934 1955 1978 1987 1992 1993 1994 2005 2058 2089 2119 2131 2136 2140 2163 2243 2255 2257 2281 2286 2288 2291 2294 2298 2307 2314 2319 2374 2375 2418 2470 2490 2555 2558 2609 2626 2633 2654 2675 2745 2785 2795 2829 2850 2875 2890 2901 2904 2928 2935 2952 2972 2983 3019 3082 3094 3143 3205 3223 3383 3682 3746 3830 3831 3861 4062 4075 4078 4079 4112 4163 4285 4359 4425 4433 4468 4476 4546 4591 4662 4736 4831 4930 5006 5219 5297 5360 5422 5633 6049 6082 6140 6378 6396 6739 6743 6754 6758 6761 6764 6783 6814 6824 6851 7446 8862 9103 9190 9298 9473 9516 9712 9765 9809 9822 9825 9828 9829 9853 9854 9858 9859 9861 9901 10023 10050 10102 10133 10260 10261 10262 10263 10264 10265 10266 10267 10268 10269 10270 10271 10272 10273 10274 10275 10276 10277 10278 10279 10280 10281 10282 10283 10284 10285
1 6 8 14 27 40 49 50 55 60 66 76 81 88 97 101 122 124 138 146 147 148 149 150 152 154 183 189 202 213 225 228 249 291 294 304 308 369 376 389 448 453 473 476 498 503 514 516 528 535 536 571 581 591 598 641 667 701 751 763 775 791 870 873 878 903 1132 1138 1169 1172 1193 1195 1205 1236 1289 1423 1661 1828 2136 2145 2154 2225 2234 2433 2675 2769 2857 2963 3374 4171 4629 4872 4913 6404 6569 9641 10286 10287 10288 10289 10290 10291 10292 10293 10294 10295 10296 10297 10298 10299
1 4 6 8 9 10 13 14 18 20 21 22 30 31 35 38 40 44 48 49 51 53 54 55 58 60 66 68 76 81 84 85 86 87 88 92 95 98 101 102 103 107 108 112 116 119 121 122 123 124 138 142 146 147 149 150 152 157 158 164 165 168 169 171 172 173 174 177 179 182 185 186 187 188 190 191 200 203 204 205 206 208 210 211 213 215 218 219 220 225 228 233 236 238 241 242 243 244 247 248 249 251 254 256 258 259 260 263 264 267 269 272 273 274 275 280 282 285 286 287 291 293 295 296 299 301 302 303 304 305 308 309 310 311 312 313 315 316 317 318 320 330 331 332 335 338 339 340 342 344 345 346 347 348 351 354 355 359 361 362 366 367 368 369 370 372 374 375 376 377 378 379 380 387 388 389 392 394 396 398 400 401 402 405 406 410 412 413 414 418 419 421 422 424 425 426 430 432 433 434 435 437 439 443 444 446 447 448 452 453 455 459 460 461 463 465 467 468 469 470 471 472 473 475 476 479 480 485 486 493 494 495 497 498 499 500 501 503 504 506 507 508 509 510 511 512 513 514 516 519 520 521 523 524 525 528 529 536 552 559 560 563 565 569 571 576 580 582 586 588 591 592 595 596 600 603 621 625 626 629 631 646 648 654 659 662 669 670 673 679 684 697 709 710 711 715 718 720 729 737 740 746 747 752 764 768 774 775 790 794 796 798 803 804 812 814 816 817 823 824 830 838 842 845 848 851 855 857 860 863 868 870 873 876 878 879 881 884 886 892 902 903 905 906 910 917 918 919 928 929 930 934 937 946 953 954 968 970 980 1001 1007 1011 1024 1025 1043 1048 1051 1053 1055 1056 1059 1064 1073 1077 1082 1088 1093 1095 1102 1105 1109 1111 1112 1114 1117 1119 1123 1130 1131 1133 1135 1136 1138 1139 1144 1150 1157 1165 1166 1169 1170 1174 1175 1182 1185 1187 1190 1195 1204 1215 1226 1228 1229 1236 1240 1241 1270 1273 1278 1286 1291 1298 1299 1303 1304 1308 1312 1319 1321 1324 1341 1344 1345 1347 1440 1446 1447 1476 1523 1566 1576 1583 1599 1627 1629 1648 1651 1659 1662 1668 1670 1673 1678 1682 1686 1698 1699 1700 1704 1708 1710 1711 1726 1732 1744 1749 1759 1771 1773 1775 1778 1781 1790 1796 1797 1798 1801 1807 1818 1826 1827 1919 1920 1923 1924 1938 1941 1950 1951 1953 1959 1964 1970 1977 1985 1992 1993 2002 2037 2040 2058 2074 2076 2088 2089 2100 2119 2120 2127 2131 2136 2142 2148 2159 2178 2180 2184 2188 2201 2216 2218 2219 2220 2222 2238 2240 2243 2244 2247 2257 2258 2264 2265 2277 2302 2311 2314 2316 2318 2336 2350 2362 2380 2389 2392 2419 2427 2429 2434 2439 2451 2506 2512 2536 2541 2543 2558 2567 2587 2609 2623 2640 2675 2681 2687 2691 2704 2715 2763 2780 2795 2807 2811 2821 2829 2835 2852 2853 2854 2859 2873 2881 2882 2890 2897 2900 2904 2905 2910 2918 2920 2930 2932 2937 2938 2940 2944 2945 2952 2955 2963 2965 2972 2975 2976 2983 2996 3000 3004 3011 3012 3013 3015 3019 3020 3025 3037 3129 3136 3156 3230 3240 3258 3298 3302 3307 3323 3370 3385 3390 3406 3430 3502 3505 3527 3618 3663 3682 3713 3726 3731 3751 3761 3781 3866 3893 3894 3958 4043 4063 4078 4087 4093 4112 4132 4141 4143 4161 4176 4351 4381 4384 4391 4414 4415 4428 4431 4447 4449 4469 4483 4591 4623 4648 4658 4662 4663 4744 4766 4795 4813 4818 4859 4870 4873 4883 4891 4903 4906 4927 5006 5053 5203 5209 5246 5269 5404 5439 5454 5509 5511 5523 5544 5562 5602 5614 5629 5633 5669 5682 5684 5695 5716 5765 5779 5850 5860 5911 5983 5988 5998 6020 6178 6200 6206 6222 6272 6322 6415 6434 6449 6518 6541 6570 6590 6669 6711 6722 6785 6791 6814 6972 6975 7001 7005 7006 7060 7161 7296 7491 7585 7784 7872 7951 7954 8857 9073 9128 9524 9596 9701 9704 9769 9807 9834 9840 9848 9896 9952 10043 10047 10050 10132 10269 10293 10300 10301 10302 10303 10304 10305 10306 10307 10308 10309 10310 10311 10312 10313 10314 10315 10316 10317 10318 10319 10320 10321 10322 10323 10324 10325 10326 10327 10328 10329 10330 10331 10332 10333 10334 10335 10336 10337 10338 10339 10340 10341 10342 10343 10344 10345 10346 10347 10348 10349 10350 10351 10352 10353 10354 10355 10356 10357 10358 10359 10360 10361 10362 10363 10364 10365 10366 10367 10368 10369 10370 10371 10372 10373 10374 10375 10376 10377 10378 10379 10380 10381 10382 10383 10384
9 30 42 49 60 72 82 84 99 121 122 124 126 146 147 148 149 150 154 225 238 338 370 379 406 407 439 444 471 493 524 535 536 546 591 635 641 646 738 746 814 842 857 905 917 938 940 1051 1102 1144 1157 1226 1302 1313 1595 1648 1676 1699 1818 1828 2225 2330 2470 2556 3056 3280 3478 3488 4884 5252 5959 7676 8144 8249 8923 10385 10386
86 122 213 241 338 692 884 1004 1590 1699 3076 6674 7547 8918 10387
1 6 8 9 10 13 14 22 31 38 41 44 49 60 81 84 97 112 116 121 122 124 138 142 146 148 149 150 154 165 175 179 181 187 198 212 213 217 221 225 228 236 237 238 241 250 259 268 275 285 287 290 294 295 299 305 308 319 320 328 332 335 339 340 346 376 377 378 381 386 398 400 401 402 406 407 428 435 443 444 448 455 469 472 476 478 479 485 486 504 510 511 512 514 516 519 520 524 543 544 549 555 557 560 563 567 568 571 572 574 576 583 584 586 588 589 590 595 598 601 602 603 631 634 643 676 697 698 701 709 712 732 738 741 746 758 768 786 794 818 830 845 850 854 855 870 878 884 900 906 915 919 944 953 954 1001 1003 1022 1027 1043 1047 1051 1054 1056 1069 1088 1114 1130 1138 1157 1170 1181 1182 1204 1210 1215 1222 1228 1229 1231 1242 1244 1256 1261 1278 1279 1291 1300 1319 1323 1324 1338 1345 1402 1446 1451 1499 1539 1562 1576 1578 1595 1627 1629 1632 1640 1642 1648 1671 1672 1726 1751 1798 1799 1837 1919 1924 1970 1975 1988 1995 1996 2052 2074 2076 2104 2159 2163 2178 2192 2195 2234 2235 2272 2302 2341 2380 2402 2411 2419 2431 2439 2443 2452 2569 2584 2614 2633 2663 2675 2710 2718 2756 2805 2829 2836 2905 2935 2956 2957 2963 3025 3187 3205 3214 3215 3247 3383 3406 3455 3522 3534 3553 3573 3590 3595 3618 3646 3746 3807 3892 4055 4102 4104 4110 4140 4195 4688 4751 4794 4806 4812 4827 4859 4862 4871 4885 4899 4996 5163 5179 5209 5278 5530 5740 5759 5768 5793 5881 5895 5902 5985 6087 6096 6137 6141 6167 6253 6268 6363 6458 6466 6499 6714 6885 6927 6939 7001 7209 7224 7267 7452 7471 7480 7504 7566 7571 7588 7595 7604 7620 7629 7740 7770 7771 7790 7814 7888 7956 7961 8095 9042 9877 9893 9920 9969 9978 9997 10388 10389 10390 10391 10392 10393 10394 10395 10396 10397 10398 10399 10400 10401 10402 10403 10404 10405 10406 10407 10408 10409 10410 10411 10412 10413 10414 10415 10416 10417 10418 10419 10420 10421 10422 10423 10424 10425 10426 10427 10428 10429 10430 10431 10432
49 88 213 217 252 291 358 472 528 536 819 884 1652 1731 2140 2203 3501 3514 3697 4310 4854 5952 10433
8 9 18 40 49 51 60 81 90 121 122 142 149 150 179 212 216 225 238 264 287 294 339 379 389 394 402 430 435 468 490 503 513 519 530 557 568 569 571 572 580 589 590 594 603 737 759 764 786 798 805 890 992 1003 1022 1029 1031 1042 1047 1058 1060 1070 1073 1082 1150 1181 1228 1236 1345 1357 1368 1440 1539 1558 1576 1793 1795 1798 1970 2058 2079 2104 2131 2302 2305 2336 2760 2787 2905 2956 3200 4623 4813 5500 6363 7016 10434 10435 10436 10437
8 44 49 60 66 119 122 124 138 146 149 150 185 198 208 213 236 278 306 338 377 391 393 413 414 417 430 459 514 524 537 543 549 551 552 554 555 557 558 559 563 565 566 567 568 571 572 573 574 579 580 581 584 586 587 588 589 591 593 595 596 600 601 602 603 667 712 775 848 1051 1190 1381 1539 1566 1640 1710 1827 2049 2294 2443 2675 2850 2852 3209 4094 5651 6301 6363 6490 6880 6965 10418 10438 10439 10440
8 21 44 48 49 53 66 114 116 119 122 124 146 149 150 177 185 198 208 217 225 238 278 287 306 338 377 391 393 400 406 413 414 430 486 513 516 519 524 530 537 542 551 554 555 557 559 566 567 568 571 572 573 574 579 580 581 584 585 586 588 589 590 591 595 596 600 601 602 690 732 738 759 774 812 878 953 973 1026 1049 1051 1082 1120 1157 1170 1190 1205 1291 1499 1539 1682 1710 1793 1827 2008 2074 2102 2179 2192 2380 2436 2935 3214 3305 3958 4094 4110 4351 4862 6167 6322 7201 7380 7471 7504 7580 7586 9926 9978 10293 10420 10441 10442 10443 10444 10445 10446
124 147 148 149 150 152 153 154 10447
1 6 8 9 14 21 22 30 48 49 51 58 60 76 81 84 85 87 90 112 121 122 123 124 133 139 142 144 146 147 150 157 158 164 165 168 169 171 174 182 185 198 202 204 205 206 208 210 213 214 216 218 219 220 221 231 233 236 240 243 244 245 247 248 251 254 258 260 271 274 275 277 280 282 291 293 303 305 307 308 312 320 329 330 331 332 333 335 338 342 344 348 351 354 359 361 362 366 367 368 370 374 375 376 378 379 383 392 394 395 397 398 401 402 404 406 412 414 417 419 422 423 425 426 427 430 434 439 444 446 447 455 459 471 472 484 485 491 493 494 495 496 499 500 501 505 506 507 509 510 511 514 515 516 518 521 523 524 561 563 574 576 586 587 590 596 612 621 637 663 718 729 740 746 759 764 794 812 814 816 817 825 830 838 850 851 858 859 878 880 881 884 885 898 905 906 912 934 941 942 944 992 1005 1024 1051 1052 1075 1088 1096 1098 1141 1144 1157 1195 1208 1214 1229 1256 1278 1281 1285 1309 1342 1360 1401 1402 1432 1472 1523 1576 1611 1616 1617 1619 1625 1627 1640 1644 1648 1657 1669 1670 1682 1686 1687 1691 1697 1699 1700 1702 1709 1714 1720 1732 1750 1751 1771 1796 1797 1799 1827 1919 1929 1937 1951 1977 1982 1996 2003 2008 2019 2040 2058 2086 2136 2146 2147 2161 2222 2227 2234 2243 2390 2430 2490 2543 2554 2694 2722 2781 2843 2852 2863 2888 2924 2935 2937 2944 2951 3019 3053 3055 3063 3100 3150 3216 3255 3538 3750 3781 3947 3958 4079 4111 4398 5481 6322 6700 6767 7164 7601 7709 9492 10144 10322 10448 10449 10450 10451 10452 10453 10454 10455 10456 10457 10458 10459 10460 10461 10462 10463 10464 10465 10466 10467 10468
1 20 49 53 60 122 124 126 140 146 158 294 319 345 381 386 415 426 448 473 826 944 1040 2028 2188 3187 3567 6541
8 44 49 55 60 66 119 121 122 124 146 149 150 171 185 198 208 238 267 287 306 338 339 377 379 391 393 402 406 413 430 431 439 459 491 513 514 516 551 554 555 556 557 559 563 566 567 568 573 579 581 584 586 588 589 592 595 596 599 600 603 720 775 798 890 1020 1024 1029 1051 1072 1088 1098 1117 1190 1270 1345 1451 1499 1539 1566 1648 1691 1767 1827 1950 1951 2088 2089 2140 2161 2375 2439 2768 2862 3025 4350 4930 6363 10439 10469 10470 10471 10472 10473 10474 10475 10476 10477
1 6 8 19 20 22 24 49 51 55 60 70 72 84 87 121 122 123 124 138 142 144 158 171 188 207 208 253 258 259 294 308 318 330 340 355 379 386 393 402 412 442 467 471 476 484 486 498 499 514 516 603 628 659 698 759 764 814 842 845 856 857 888 906 1020 1034 1101 1112 1174 1175 1228 1281 1306 1402 1661 1699 1712 1752 1760 1801 1821 1979 2127 2173 2226 2243 2330 2638 2780 2807 2886 3006 3032 3072 3389 3392 3393 3425 3434 3480 3576 3674 4271 4308 4591 4892 4909 5495 5585 5606 5678 5912 6131 6344 6404 6519 7915 8177 9291 9739 9839 10307 10321 10322 10478 10479 10480 10481 10482 10483 10484 10485 10486 10487 10488 10489 10490 10491 10492 10493 10494 10495 10496 10497 10498 10499 10500 10501 10502 10503 10504 10505 10506 10507
1 6 8 9 13 14 20 21 22 27 40 42 48 49 51 54 55 60 65 76 81 84 88 92 98 112 121 122 123 124 133 136 138 140 142 146 150 152 154 157 158 160 161 162 165 168 169 171 172 173 182 183 184 188 191 193 195 200 204 205 206 208 210 213 217 218 219 220 225 226 231 235 236 247 248 249 251 257 258 260 269 271 273 274 275 279 280 282 286 287 291 293 294 299 302 304 305 308 311 312 314 315 319 325 327 328 329 330 331 332 335 338 340 344 346 347 348 351 354 355 356 361 362 363 366 367 368 369 370 374 375 376 377 379 380 383 386 390 392 395 401 402 407 411 412 414 415 417 418 419 422 425 426 427 428 431 432 433 434 439 440 441 444 446 447 448 453 455 459 461 464 467 468 469 470 471 472 473 474 475 476 480 483 485 486 493 494 495 500 501 503 504 505 506 507 509 510 511 512 513 514 515 516 518 519 521 524 525 565 576 582 595 624 625 631 632 635 648 650 659 663 673 679 697 701 705 718 737 740 747 764 780 785 786 794 803 804 806 816 821 823 824 826 829 830 840 842 846 849 850 857 858 860 863 870 873 875 878 894 903 918 924 927 930 934 938 940 943 992 1005 1034 1051 1055 1056 1087 1091 1097 1102 1105 1111 1112 1114 1116 1119 1125 1129 1130 1140 1151 1157 1158 1161 1164 1169 1180 1181 1187 1188 1189 1193 1194 1206 1208 1215 1220 1227 1239 1240 1258 1274 1294 1306 1310 1345 1347 1355 1413 1460 1609 1618 1619 1636 1644 1651 1668 1676 1677 1687 1688 1697 1709 1724 1745 1749 1750 1757 1766 1768 1770 1771 1780 1786 1793 1798 1806 1807 1933 1939 1952 1961 2010 2063 2144 2150 2179 2221 2224 2239 2246 2271 2390 2463 2492 2671 2897 2976 3198 3269 3279 3464 3488 3572 4043 4468 4546 4826 5562 5615 5759 6254 6279 7161 7491 7639 8318 9456 9983 10247 10508 10509 10510 10511 10512 10513 10514 10515 10516 10517 10518 10519 10520 10521
8 31 44 49 60 66 81 119 122 124 138 146 149 150 177 179 185 198 208 213 259 267 268 294 306 338 348 362 377 391 393 406 413 414 430 447 448 468 495 514 515 516 551 554 555 556 557 559 561 566 567 568 573 579 581 584 586 588 589 590 591 592 595 596 600 603 726 786 795 816 850 858 889 890 939 1042 1051 1165 1186 1205 1345 1360 1499 1662 1691 1827 1952 2302 2439 2556 2852 4062 4411 4868 5484 6363 9794 10522 10523 10524
6 8 20 49 54 55 81 84 88 112 121 122 123 124 138 202 220 227 250 275 294 308 319 325 329 330 335 376 380 461 498 504 516 521 545 563 603 621 701 709 732 828 863 1044 1093 1131 1149 1183 1208 1970 2179 2492 2712 3127 3323 3648 4055 4852 4898 5767 6167 6646 6691 6708 7319 7455 10525 10526 10527 10528 10529 10530 10531 10532 10533 10534
8 31 44 49 60 66 119 122 124 146 149 150 185 198 208 306 338 339 359 377 391 393 413 430 514 516 551 554 555 556 557 558 559 561 563 566 567 568 570 571 572 573 579 580 581 584 585 586 588 589 591 592 593 595 596 600 603 878 1088 1190 1539 1816 1827 2443 2852 3411 3671 4110 4912 5644 6363 7627 9978 10439 10535
142 198 532 545 612 641 690 2963 9899 10528 10536 10537 10538 10539 10540 10541
8 44 49 60 66 90 119 122 124 146 149 150 185 198 208 236 242 306 310 338 339 377 379 391 393 406 413 430 514 516 519 543 551 554 555 557 558 559 560 561 563 566 567 568 571 573 579 580 581 584 586 588 589 591 593 595 596 599 600 603 1190 1451 1539 1827 2235 2350 2713 2930 4102 6151 10477 10542
1 6 8 9 20 22 27 38 48 49 51 54 55 60 72 76 81 84 85 98 109 112 121 122 124 126 138 140 146 147 154 157 164 171 202 208 210 219 221 233 242 245 252 254 259 264 274 294 308 325 330 331 361 368 369 375 376 379 380 392 395 398 399 400 413 423 428 430 431 439 447 448 452 459 461 470 471 472 476 485 493 499 503 504 509 510 514 516 519 520 521 524 525 530 561 582 591 621 631 639 641 659 705 711 716 719 746 791 792 820 824 828 840 845 850 851 856 863 868 873 878 880 884 906 914 918 943 970 1051 1101 1111 1122 1195 1200 1206 1242 1273 1279 1285 1310 1324 1385 1393 1446 1456 1482 1490 1521 1532 1562 1619 1625 1629 1634 1635 1636 1645 1648 1655 1657 1659 1667 1669 1685 1720 1731 1752 1772 1796 1923 2008 2025 2223 2245 2246 2251 2301 2328 2331 2335 2338 2339 2340 2341 2343 2344 2345 2348 2351 2352 2375 2502 2536 2543 2692 2868 3051 3056 3174 3279 3305 3314 3385 3501 3540 3761 3818 3846 3848 3850 4546 4736 5345 5721 6754 7195 7530 8017 8204 8205 8209 8212 10543 10544 10545 10546 10547 10548 10549 10550 10551 10552 10553 10554 10555
1 6 8 9 12 14 18 20 22 24 30 38 40 48 49 51 53 54 58 60 66 76 81 84 85 86 87 88 90 104 119 121 122 123 124 131 140 141 146 147 149 150 154 158 165 168 171 173 185 189 190 201 208 209 220 221 228 236 241 245 258 264 274 275 278 280 282 294 303 308 310 312 319 325 329 330 332 338 339 340 345 354 355 359 361 366 370 375 376 379 381 382 389 390 400 402 406 407 412 415 417 418 425 430 431 434 435 439 442 444 448 452 455 459 460 468 469 472 475 476 485 490 494 500 503 504 506 507 509 510 511 513 514 516 521 523 524 525 552 560 561 575 576 590 591 595 597 603 621 625 632 639 648 659 673 675 679 684 718 724 738 753 782 788 791 792 793 794 814 815 820 828 830 838 845 857 860 862 863 870 873 878 880 881 885 904 905 907 915 917 918 940 941 942 970 973 979 980 983 993 1004 1021 1044 1051 1055 1082 1087 1088 1091 1095 1096 1105 1149 1156 1170 1174 1181 1195 1206 1212 1221 1229 1244 1248 1255 1267 1269 1270 1278 1280 1285 1288 1299 1320 1355 1360 1595 1627 1632 1648 1673 1700 1712 1732 1766 1773 1797 1801 1821 1826 1829 1920 1933 1941 1951 1966 1975 2061 2065 2077 2086 2104 2110 2140 2154 2224 2240 2243 2272 2320 2361 2377 2389 2402 2423 2451 2470 2492 2507 2554 2581 2608 2671 2687 2716 2739 2829 2904 2922 3055 3137 3156 3187 3217 3240 3423 3455 3527 3731 3818 3833 4065 4094 4362 4591 4898 4927 5188 5203 5246 5251 5267 5278 5297 5442 6010 6073 6126 6332 6543 6570 6668 6672 6775 6849 6970 7176 7179 7183 7185 7186 7195 7564 7631 8603 8780 10556 10557 10558 10559 10560 10561 10562 10563 10564 10565 10566 10567 10568 10569 10570 10571 10572 10573 10574 10575 10576 10577 10578 10579
8 18 41 49 81 116 122 468 490 520 698 788 807 870 983 1059 1121 1139 1368 1484 1521 1757 2015 2080 2358 2710 2826 3406 4195 4979 5300 5452 5481 5533 10580
8 48 49 54 84 86 122 140 146 147 149 150 179 198 206 238 308 325 401 403 490 504 511 520 524 536 543 572 574 586 842 848 857 858 905 980 992 1023 1090 1206 1404 1476 1523 1682 1996 2040 2107 2251 2302 2492 2930 3489 4869 5300 5566 5806 6717 7754 10581 10582 10583
8 9 14 49 51 72 84 121 122 124 133 136 150 168 187 208 210 233 236 246 274 327 331 356 359 373 398 404 406 420 425 440 447 453 456 459 470 471 486 493 506 509 513 514 515 516 520 573 591 625 840 846 848 850 860 884 902 918 944 1005 1043 1114 1240 1345 1539 1636 1664 1673 1678 1680 1685 1818 1951 2010 2024 2140 2318 2328 2331 2351 2357 2491 2502 2510 2512 2556 2587 2623 2688 2769 3459 3770 4141 4606 5439 6543 10584 10585 10586 10587 10588 10589 10590
6 9 55 81 116 122 124 209 355 379 380 396 468 476 479 490 511 516 603 698 807 818 870 1149 1447 1484 1757 1933 2015 2077 2080 2358 2375 2663 2710 2826 3244 3406 4195 4467 4480 5300 5452 5533 6499 6551 10591
8 49 54 84 122 140 146 147 149 150 199 206 244 277 287 308 325 362 401 430 476 504 511 520 524 536 572 586 649 807 842 857 878 905 928 980 992 1054 1091 1169 1200 1205 1206 1229 1368 1401 1404 1523 1700 1793 2107 2122 2145 2163 2188 2302 2450 2551 2661 2687 2712 2773 2905 3076 3212 3280 3489 3779 3864 4087 4480 5001 5200 5566 5806 6936 7756 9967 10592 10593 10594 10595 10596 10597 10598
49 51 60 72 112 122 124 146 150 185 208 213 245 333 361 398 406 420 447 459 470 493 506 509 513 520 524 528 591 850 884 1005 1141 1170 1240 1345 1539 1673 1678 1818 1951 2140 2254 2318 2328 2331 2351 2502 2551 2556 2587 2623 2624 2769 4606 5360 10599 10600
8 18 49 51 56 58 102 116 122 124 213 379 406 412 447 490 512 516 520 603 675 698 737 788 807 897 905 1023 1046 1059 1075 1257 1270 1643 1721 1757 1920 1924 1933 2037 2080 2304 2710 2826 3406 3894 4850 5300 5452 5533 5777 6045 6570 6939 10283 10601
8 20 49 51 54 84 122 138 140 146 147 149 150 189 206 228 249 270 308 325 329 330 362 401 444 448 459 504 506 511 524 536 572 586 764 807 829 842 857 867 905 992 1049 1059 1193 1206 1236 1241 1285 1345 1356 1404 1523 1700 1765 1777 1921 1998 2150 2188 2327 2661 2761 2975 3056 3489 3623 3649 3810 3897 4469 5277 6215 7143 7365 7648 9492 9675 9678 10602 10603 10604 10605 10606 10607 10608 10609 10610 10611 10612 10613 10614 10615
8 13 51 55 58 116 122 124 147 171 191 225 230 380 436 440 490 511 516 603 664 698 706 737 746 747 788 807 876 905 980 1136 1261 1776 2080 2710 2728 2826 3367 3406 3643 4173 5300 5777 6045 6258 6570 10616
22 48 49 51 53 54 72 76 81 122 124 150 157 208 214 236 252 259 291 308 361 375 402 406 420 439 447 456 459 468 493 495 499 506 511 512 513 520 561 583 591 825 830 850 884 906 930 1005 1067 1142 1240 1345 1355 1401 1539 1659 1673 1678 1762 1818 1929 1951 2140 2326 2328 2331 2351 2490 2502 2551 2587 2623 2769 3481 3747 3904 4238 4606 5808 6973 10115 10617 10618 10619 10620 10621 10622 10623 10624 10625 10626 10627 10628 10629 10630 10631 10632 10633 10634 10635 10636 10637 10638 10639 10640 10641 10642 10643 10644 10645 10646 10647 10648 10649 10650 10651 10652 10653 10654 10655 10656 10657 10658 10659 10660 10661 10662 10663 10664 10665 10666 10667 10668 10669 10670
8 9 14 22 48 49 51 60 72 81 84 85 119 121 122 124 127 140 146 157 164 195 210 274 294 331 335 368 369 376 377 379 398 399 413 444 447 449 467 485 493 515 516 519 520 524 528 561 591 639 641 716 814 819 840 847 850 878 895 898 940 1051 1111 1136 1206 1244 1385 1393 1446 1456 1482 1490 1521 1532 1562 1625 1636 1657 1673 1735 1797 2025 2140 2210 2251 2294 2328 2331 2335 2338 2339 2340 2341 2343 2344 2345 2348 2351 2352 2490 2529 2689 2699 3174 3278 3314 3512 3846 3848 4310 5225 5458 5864 6112 7164 10671 10672 10673 10674 10675 10676 10677 10678 10679 10680 10681 10682 10683
1 8 9 22 40 49 51 121 122 124 146 147 150 171 177 208 221 228 247 259 264 278 308 312 319 325 329 332 338 387 406 414 444 447 455 461 471 480 485 496 506 514 516 517 524 536 592 595 805 812 814 905 917 931 979 1029 1032 1044 1111 1122 1131 1144 1187 1206 1236 1404 1575 1576 1619 1685 1710 1744 1951 2104 2136 2178 2188 2240 2423 2687 2829 2904 2935 3020 3137 3489 3538 3898 4011 5612 5768 7842 9513 10321 10684 10685 10686 10687 10688 10689
8 14 49 51 54 72 81 84 122 124 150 157 208 245 246 294 308 361 406 418 420 423 440 447 459 472 484 493 495 506 509 513 516 520 561 670 718 850 878 884 930 1005 1121 1122 1142 1170 1179 1240 1258 1345 1355 1539 1636 1657 1673 1678 1685 1818 1951 2140 2254 2328 2331 2351 2361 2490 2502 2551 2587 2623 2769 2897 3063 3487 4506 4531 4538 4542 4606 4724 5006 5808 6590 7979 10079 10690 10691 10692 10693 10694 10695 10696 10697
8 55 116 122 139 154 191 216 255 275 307 313 315 380 426 485 490 503 511 516 520 603 621 716 807 886 905 1066 1069 1228 1285 1368 2080 2297 2318 2787 2956 3367 3605 3671 4195 4652 4654 5300 5451 5453 5483 5487 5531 5533 6045
8 9 48 49 60 122 140 146 147 150 168 175 308 338 379 401 407 469 511 572 591 646 860 873 881 905 917 958 1029 1175 1281 1404 3489 4016
8 9 22 51 60 72 81 84 85 121 122 124 143 157 177 216 217 252 286 291 294 355 368 373 379 381 392 398 399 413 430 447 459 484 486 493 499 509 520 641 697 701 716 811 825 830 840 850 878 880 881 903 998 1082 1103 1135 1182 1195 1206 1385 1393 1446 1456 1482 1490 1521 1532 1562 1625 1633 1648 1657 1659 1744 2087 2328 2331 2335 2338 2339 2340 2341 2343 2344 2345 2348 2351 2352 2551 2869 3151 4773 8574 10698 10699 10700 10701 10702
8 40 47 49 58 59 122 174 241 242 259 301 320 379 468 474 511 576 581 788 807 808 818 863 980 1005 1023 1052 1075 1098 1257 1349 1404 1916 1963 2052 2380 2389 2710 2805 3020 3115 3406 3643 4187 4195 4818 4957 5300 5869 5899 6291 6611 10703 10704 10705 10706
8 49 60 66 122 146 147 149 150 168 177 189 228 242 287 319 338 376 391 401 417 431 437 442 469 471 486 514 524 536 561 572 603 646 684 805 857 873 879 905 928 954 973 993 1029 1032 1051 1059 1068 1131 1281 1361 1404 1440 1458 1476 1523 1829 2144 2264 2330 2380 2554 2634 2716 3489 4016 5278 5297 5557 5966
4 8 9 22 49 72 76 84 85 121 122 124 126 140 146 154 157 185 206 208 236 247 253 315 378 379 398 423 444 459 493 509 516 524 561 800 814 840 842 863 869 878 917 919 958 1034 1051 1103 1135 1139 1141 1142 1288 1324 1673 1682 1914 2255 2328 2331 2351 2470 2689 3263 3281 3295 3478 9260 10688 10707 10708 10709 10710 10711 10712 10713 10714 10715
6 8 14 49 51 55 60 116 122 294 333 346 361 379 401 406 425 442 455 469 485 490 513 581 588 672 709 746 788 803 807 818 853 884 1021 1051 1068 1069 1082 1132 1156 1308 1345 1368 1577 1757 1825 1970 2037 2065 2082 2163 2221 2307 2380 2663 2710 2935 2970 3127 3195 3202 3233 3406 3621 3643 3698 4195 5300 5450 5452 5454 5533 5689 5893 6029 6259 6291 8095 8878 9140 10716 10717 10718 10719 10720 10721 10722 10723
1 8 31 41 49 50 51 59 60 66 80 81 121 122 124 142 149 150 154 158 168 179 185 225 259 275 291 307 308 338 339 340 355 380 432 446 448 498 508 517 519 520 523 544 561 586 590 591 603 609 697 702 712 741 807 842 853 855 859 862 970 987 1056 1059 1068 1144 1281 1425 1524 1654 1793 1970 1977 1996 1998 2226 2543 2721 2757 2805 2905 2950 2996 3214 3374 3564 3609 3781 3854 3879 4011 4016 4350 4656 5820 5870 5881 5924 5983 6542 7224 7468 7479 7634 8629 8656 9967 10430 10724 10725 10726 10727 10728 10729 10730 10731 10732 10733 10734 10735 10736 10737 10738 10739 10740 10741 10742 10743 10744 10745 10746 10747 10748 10749
1 5 6 8 48 49 51 55 60 76 81 88 97 102 108 116 122 124 140 142 149 154 157 165 169 179 185 209 213 216 225 232 235 238 239 241 287 294 307 308 325 332 346 378 379 380 386 389 396 400 401 402 406 422 430 444 447 448 459 461 468 472 476 490 511 516 519 520 529 538 543 561 565 571 585 587 589 590 593 594 596 603 640 662 679 698 725 730 732 738 785 790 796 805 807 816 818 827 829 842 863 873 878 888 897 902 905 916 934 944 954 980 983 998 1005 1015 1020 1022 1024 1029 1034 1046 1047 1049 1051 1064 1068 1079 1111 1117 1130 1136 1158 1161 1170 1172 1185 1203 1228 1234 1270 1299 1300 1353 1368 1387 1402 1404 1425 1440 1442 1452 1458 1473 1498 1499 1506 1513 1532 1576 1577 1590 1598 1605 1621 1661 1721 1722 1724 1766 1798 1817 1827 1828 1924 1992 2002 2028 2077 2080 2103 2104 2122 2154 2221 2226 2231 2235 2243 2293 2304 2318 2380 2438 2470 2581 2633 2663 2710 2713 2773 2787 2797 2805 2811 2834 2836 2846 2852 2937 3127 3137 3490 3526 3643 3713 3747 4050 4059 4186 4187 4351 4416 4623 4652 4654 4656 4658 4818 4850 4929 5243 5305 5452 5500 5566 5684 5719 5738 5741 5899 6060 6255 6262 6319 6363 6464 6495 6551 6678 6708 6717 6956 7208 7362 8144 9411 9894 10704 10750 10751 10752 10753 10754 10755 10756 10757 10758 10759 10760 10761 10762 10763
1 6 18 30 31 38 48 49 51 60 72 81 84 85 121 122 124 157 202 208 210 271 294 308 331 340 370 375 398 399 402 419 425 445 447 459 475 486 493 498 509 515 521 726 817 840 857 864 869 902 906 907 980 1051 1094 1098 1105 1144 1241 1270 1345 1616 1678 1699 1795 2008 2271 2324 2328 2331 2351 2592 2609 2687 2976 3317 3831 4130 5333 5335 7606 10764 10765 10766 10767 10768 10769 10770 10771 10772 10773 10774 10775
1 8 30 49 53 66 122 124 146 149 150 165 199 238 247 308 448 514 516 536 588 709 737 790 794 807 878 980 1138 1139 1158 1172 1368 1404 1432 1434 1458 1554 1793 2058 2080 2122 2220 2226 2953 3526 3643 3763 4186 4187 4358 4629 4640 4641 4644 4645 4649 4654 4656 4662 5540 6378
1 6 8 9 20 40 48 49 51 72 76 81 84 85 86 87 122 124 136 138 146 150 157 168 185 187 207 214 225 236 239 252 264 291 294 308 319 331 357 361 362 366 368 373 377 379 398 399 402 413 417 419 426 430 435 447 459 485 486 493 511 516 520 524 561 591 595 639 641 644 716 722 729 740 746 755 791 820 821 824 838 840 848 850 857 858 864 873 878 884 896 903 970 987 992 1005 1028 1034 1075 1077 1103 1131 1135 1141 1150 1174 1206 1267 1291 1341 1385 1393 1446 1456 1482 1490 1521 1532 1562 1625 1636 1643 1645 1657 1659 1663 1678 1699 1786 1789 1951 2061 2254 2272 2294 2328 2331 2335 2338 2339 2340 2341 2343 2344 2345 2348 2351 2352 2455 2688 3318 3462 3710 3831 3992 3997 4104 4130 4230 5175 5458 5666 5966 7740 7976 8150 10776 10777 10778 10779 10780 10781 10782 10783 10784 10785 10786 10787 10788 10789
1 8 10 30 49 51 53 76 122 124 149 150 157 158 178 179 182 185 198 225 238 254 259 308 317 318 368 374 402 406 413 414 430 467 506 520 536 596 598 805 807 878 954 980 1015 1033 1087 1158 1172 1181 1285 1299 1368 1387 1402 1404 1411 1428 1458 1460 1504 1583 1598 1670 1682 1793 1823 2052 2076 2080 2107 2131 2226 2341 2344 2355 2669 2682 2718 3382 3526 3602 3643 4087 4187 4349 4352 4353 4357 4358 4469 4483 4624 4625 4626 4627 4632 4633 4637 4638 4643 4648 4650 4651 4653 4655 4657 4659 4660 4661 4665 4668 5540 6715 10790 10791
4 6 8 22 24 40 42 48 49 51 55 59 60 72 76 84 85 87 88 121 122 124 127 146 157 164 171 191 208 214 239 245 259 271 308 331 332 333 359 361 362 376 386 398 399 400 402 422 425 426 434 443 447 455 459 472 484 493 509 510 514 516 522 524 526 528 561 596 635 639 659 715 755 764 840 850 863 864 878 888 896 905 906 940 980 1029 1074 1098 1121 1122 1131 1135 1226 1269 1300 1324 1347 1628 1636 1645 1657 1659 1663 1664 1668 1673 1674 1678 1680 1685 1705 1721 1741 1749 1796 1824 1908 2100 2264 2324 2328 2331 2333 2334 2349 2351 2357 2492 2519 2557 2584 2590 2592 2610 2617 2620 2621 2622 2623 2626 2629 2713 3056 3071 3210 3246 3317 3761 4064 4161 4163 4302 4623 4686 4785 4872 4918 5439 6032 6210 6299 6507 7155 7658 7842 9510 10617 10618 10636 10643 10644 10645 10646 10647 10648 10649 10650 10651 10652 10653 10654 10655 10656 10657 10658 10659 10660 10661 10665 10666 10692 10792 10793 10794 10795 10796 10797 10798 10799 10800 10801 10802 10803 10804 10805 10806 10807 10808 10809 10810 10811 10812 10813 10814 10815 10816 10817 10818 10819 10820 10821 10822 10823 10824 10825 10826 10827 10828 10829 10830 10831 10832 10833 10834 10835 10836 10837 10838 10839 10840 10841 10842 10843 10844 10845 10846 10847 10848
8 30 49 53 116 122 140 179 185 238 308 389 402 422 459 490 520 561 805 807 829 878 902 1022 1029 1047 1158 1172 1234 1270 1300 1368 1402 1404 1442 1458 1473 1499 1513 1605 1793 2080 2226 2805 2836 3526 3643 4187 4351 4358 4623 4656 4658 5540 5719 9411 9894 10754 10757
60 84 121 122 124 146 149 150 286 499 673 881 1111 1345 2490 2584 2904 3682 5988
8 14 20 22 49 60 72 76 81 84 85 109 112 121 122 124 133 146 157 187 213 250 259 294 297 299 320 358 368 373 395 398 399 413 428 433 447 449 459 470 493 515 519 520 621 625 639 641 716 794 804 814 825 840 850 878 906 907 940 944 970 1121 1141 1206 1345 1385 1393 1419 1446 1456 1482 1490 1521 1532 1562 1625 1720 1851 2254 2328 2331 2335 2338 2339 2340 2341 2343 2344 2345 2348 2351 2352 2381 2536 2551 2585 3082 3175 3253 4282 4769 6157 10849 10850 10851 10852
8 30 40 49 53 66 122 165 187 218 238 294 308 316 332 387 406 414 430 439 444 461 469 485 506 513 516 520 536 561 588 589 597 603 730 737 805 807 818 842 878 905 917 931 980 983 1020 1023 1024 1046 1047 1051 1087 1098 1158 1172 1285 1368 1404 1411 1425 1476 1496 1513 1521 1523 1536 1583 1598 1616 1621 1793 1923 2080 2163 2226 2345 2348 2713 2721 2757 2917 3473 3526 3643 3646 3747 4008 4011 4026 4104 4186 4358 4508 4632 4646 4651 4957 5243 5452 5540 5606 5613 5780 5869 5875 6061 6275 6379 6546 6665 6737 7150 7151 8969 9295 9450 10094 10145 10158 10159 10186 10853 10854 10855 10856 10857 10858 10859 10860 10861 10862 10863 10864 10865 10866 10867 10868 10869 10870 10871 10872 10873 10874 10875 10876 10877 10878 10879 10880 10881 10882 10883 10884 10885 10886 10887 10888 10889 10890 10891 10892 10893 10894 10895
954 1404 6357
6 8 9 13 14 22 24 38 40 42 48 49 51 54 60 68 76 81 84 85 86 88 92 104 112 121 122 123 124 144 146 150 157 158 168 171 172 182 184 185 187 189 195 204 205 206 208 210 213 216 219 220 221 231 236 247 248 251 255 258 259 260 264 271 274 275 277 280 282 291 293 294 302 303 305 308 330 333 335 338 340 344 345 347 348 351 366 367 368 370 373 374 375 376 377 378 379 387 392 401 405 406 412 413 414 419 422 425 427 428 434 444 446 447 448 455 459 467 469 472 473 475 476 493 494 495 499 500 501 505 506 507 509 511 513 514 515 516 517 518 519 520 521 523 524 528 530 561 563 586 600 625 629 746 747 752 764 790 806 816 823 824 829 842 848 850 851 857 873 878 880 888 902 905 917 930 942 954 1005 1012 1021 1034 1048 1051 1093 1096 1097 1098 1109 1111 1114 1118 1119 1131 1135 1141 1144 1161 1172 1179 1204 1209 1212 1225 1229 1232 1240 1243 1257 1273 1278 1292 1324 1347 1450 1626 1659 1670 1673 1682 1687 1697 1698 1702 1709 1723 1744 1750 1751 1772 1786 1793 1797 1805 1807 1937 1952 1955 1958 1995 2008 2019 2028 2040 2076 2078 2104 2116 2136 2148 2178 2188 2203 2243 2251 2300 2334 2353 2357 2393 2429 2490 2506 2519 2522 2557 2581 2623 2760 2833 2863 2924 3179 3213 3216 3296 3642 3781 4043 4098 4385 4423 5210 5471 5788 6773 6789 7441 8823 8898 9846 10896 10897 10898 10899 10900 10901 10902 10903 10904 10905 10906 10907 10908 10909 10910
49 72 74 81 84 85 122 124 146 157 187 202 213 254 294 331 332 333 368 373 376 398 399 413 419 433 447 459 493 510 514 520 524 621 625 641 659 716 804 814 820 840 850 860 863 878 970 1074 1121 1206 1208 1256 1285 1345 1385 1393 1419 1446 1456 1482 1490 1521 1532 1562 1625 1634 1645 1648 1657 1685 1705 1795 1827 1851 1962 2315 2328 2331 2335 2338 2339 2340 2341 2343 2344 2345 2348 2351 2352 2381 2924 3082 3175 3280 3386 3613 3770 3843 4105 4130 4230 4247 4716 4769 10849 10851 10911
1 8 18 22 31 53 72 124 140 146 149 150 157 158 171 220 231 238 252 288 325 329 338 361 394 419 422 493 524 536 591 807 845 878 897 954 1049 1113 1157 1281 1404 1521 1526 1616 1793 1977 2030 2069 2140 2188 2675 2770 3495 5543 6357 10912 10913 10914 10915 10916 10917 10918 10919 10920 10921
72 81 85 122 131 157 250 294 313 368 379 386 398 399 400 413 425 426 447 459 493 516 520 524 641 716 840 850 878 1206 1265 1385 1393 1446 1456 1482 1490 1521 1532 1562 1625 1657 1685 1720 1723 1978 1996 2328 2331 2335 2338 2339 2340 2341 2343 2344 2345 2348 2351 2352 2571 3491 4146 4396 8306 10922 10923 10924 10925 10926
8 22 30 53 74 97 121 122 146 158 175 208 238 256 274 306 308 314 338 339 342 361 387 407 413 414 417 447 476 478 483 516 520 524 563 591 594 649 726 768 828 829 853 890 992 1034 1126 1158 1172 1221 1281 1313 1472 1644 1648 1721 1793 1797 1816 1995 2080 2106 2226 2235 2300 2364 2373 2411 2419 2575 2636 3377 3526 3643 4358 5540 5684 5789 6432 6944 6957 10862 10927 10928 10929 10930 10931 10932 10933 10934 10935
8 122 124 140 146 149 150 308 355 376 401 406 467 516 563 590 790 878 905 1034 1633 1828 2226 2328 2355 2800 3770 4631 10920 10936
1 8 9 14 51 72 78 84 121 122 124 126 134 146 154 165 171 185 193 202 207 214 225 236 280 283 295 302 308 319 361 368 377 392 398 417 425 428 435 447 449 453 454 457 486 493 509 514 516 561 610 639 654 659 718 729 740 840 842 857 858 873 884 906 1005 1028 1034 1055 1075 1077 1135 1141 1171 1208 1226 1240 1248 1291 1341 1643 1652 1659 1678 1712 1731 1789 1929 1951 2061 2076 2111 2152 2254 2318 2331 2351 2418 2495 2512 2516 2530 2610 2616 2629 2679 2684 2688 2709 2975 3082 3096 3175 3278 3456 3493 3557 3801 3997 4104 4506 4551 4769 4772 5307 5368 5373 5666 5819 5966 6349 6878 7935 10778 10788 10789 10926 10937 10938 10939 10940 10941 10942 10943 10944 10945 10946 10947 10948
1 2 6 8 12 14 19 20 21 22 23 28 31 39 40 41 47 48 49 51 55 58 60 76 80 81 84 86 88 93 102 116 121 122 123 124 127 129 142 143 165 171 179 183 199 203 211 213 264 275 295 302 313 314 316 317 318 332 340 345 355 357 362 370 376 377 379 380 381 386 389 393 401 406 412 419 444 445 452 459 468 469 471 472 475 476 485 486 498 503 508 509 511 512 516 519 520 526 530 544 549 575 582 586 596 603 621 629 640 649 669 672 682 684 692 696 697 698 702 706 709 711 716 737 746 749 751 761 764 767 794 807 808 818 829 838 878 884 900 905 906 914 943 954 972 979 987 1003 1014 1037 1040 1045 1049 1051 1052 1054 1056 1059 1120 1123 1131 1136 1138 1139 1148 1149 1156 1158 1170 1172 1190 1208 1211 1215 1228 1236 1242 1248 1251 1257 1270 1285 1288 1300 1304 1341 1368 1404 1417 1425 1438 1440 1452 1458 1476 1496 1509 1513 1521 1526 1536 1576 1583 1603 1628 1648 1659 1661 1676 1693 1722 1766 1795 1797 1826 1835 1849 1919 1939 1954 1958 1977 2034 2052 2076 2080 2082 2122 2137 2148 2154 2163 2176 2209 2213 2219 2226 2231 2242 2264 2270 2308 2316 2317 2345 2348 2369 2375 2380 2402 2452 2492 2554 2583 2609 2617 2632 2633 2663 2710 2711 2719 2721 2757 2784 2799 2805 2821 2832 2838 2846 2854 2932 2937 2970 2974 3020 3026 3071 3127 3136 3198 3199 3215 3258 3267 3374 3406 3459 3490 3527 3586 3620 3646 3660 3663 3664 3702 3764 3776 3779 3866 3879 3889 4003 4014 4050 4057 4087 4098 4195 4244 4353 4354 4451 4483 4628 4646 4656 4657 4662 4694 4794 4827 4828 4859 4864 4914 4942 4979 5057 5300 5303 5379 5452 5483 5497 5506 5547 5559 5603 5613 5712 5741 5780 5793 5820 5860 5872 5881 5893 5896 5897 5905 5912 5958 6022 6029 6038 6061 6141 6158 6215 6255 6267 6286 6379 6383 6404 6422 6452 6464 6487 6499 6525 6532 6546 6562 6567 6569 6627 6629 6643 6654 6663 6665 6666 6714 7001 7150 7151 7344 7377 7413 7432 7435 7471 7589 7590 7601 7604 7616 7753 7777 7792 7793 7910 7933 7974 8180 8266 8462 8485 8564 8642 8878 9136 9698 9763 9824 9881 10082 10231 10234 10266 10429 10716 10719 10723 10749 10752 10758 10887 10888 10949 10950 10951 10952 10953 10954 10955 10956 10957 10958 10959 10960 10961 10962 10963 10964 10965 10966 10967 10968 10969 10970 10971 10972 10973 10974 10975 10976 10977 10978 10979 10980 10981 10982 10983 10984 10985 10986 10987 10988 10989 10990 10991 10992 10993 10994 10995 10996 10997 10998 10999 11000 11001 11002 11003 11004 11005 11006 11007 11008 11009 11010 11011 11012 11013 11014 11015 11016 11017 11018 11019 11020 11021 11022 11023 11024 11025 11026
1 8 49 122 143 149 150 157 376 394 406 417 467 586 890 954 1019 1024 1043 1049 1083 1165 1404 1427 1432 1523 1654 1762 2272 2328 2453 2937 3801 5500 5529 6143 6357 6363 7608 10920 11027 11028
8 9 48 60 65 68 72 84 85 116 122 124 150 231 243 250 254 259 274 328 331 358 372 398 399 413 417 430 435 459 469 470 476 493 495 516 580 621 673 684 821 834 840 850 878 884 898 907 1031 1051 1112 1135 1174 1273 1280 1285 1334 1539 1636 1645 1747 1748 2154 2318 2322 2325 2328 2331 2351 2688 2694 2699 2709 2924 3286 3294 3438 11029 11030
1 8 10 13 14 18 20 21 22 30 31 35 40 42 48 49 51 55 59 60 80 81 94 102 120 121 122 124 127 138 139 140 142 148 149 152 154 172 179 191 193 194 199 203 215 216 217 225 228 230 233 237 238 259 275 295 299 302 313 316 318 320 332 342 350 355 357 369 370 371 375 379 380 385 386 391 401 407 412 419 421 422 435 444 446 448 452 455 468 471 474 476 479 485 503 510 511 512 516 520 531 544 565 568 574 576 586 596 598 603 616 621 626 631 634 637 644 648 654 662 666 673 679 681 684 696 697 706 712 716 718 738 746 747 749 767 786 788 790 792 807 808 848 850 863 870 878 884 886 902 905 920 972 983 992 1014 1019 1023 1024 1029 1040 1056 1059 1070 1088 1094 1098 1113 1123 1130 1132 1138 1139 1156 1158 1161 1172 1178 1196 1208 1211 1218 1228 1232 1233 1242 1243 1267 1310 1324 1325 1341 1349 1404 1411 1442 1446 1447 1452 1454 1458 1461 1480 1506 1510 1513 1539 1565 1595 1599 1625 1659 1676 1682 1722 1732 1749 1759 1765 1766 1793 1798 1801 1827 1835 1849 1925 1939 1953 1957 1965 1996 2002 2009 2021 2034 2052 2065 2076 2082 2088 2120 2131 2134 2144 2153 2154 2164 2179 2191 2225 2227 2247 2250 2272 2279 2288 2305 2308 2343 2380 2402 2423 2427 2434 2438 2452 2470 2633 2663 2710 2711 2713 2719 2757 2787 2799 2805 2834 2848 2864 2897 2909 2929 2932 2937 2987 2997 3025 3026 3136 3151 3195 3212 3247 3258 3287 3307 3323 3367 3391 3406 3453 3455 3459 3486 3502 3522 3523 3540 3570 3620 3646 3747 3854 3864 4014 4050 4057 4080 4181 4251 4308 4353 4354 4358 4444 4467 4483 4628 4650 4656 4657 4662 4665 4864 4871 4885 4899 4917 4961 4979 5006 5057 5397 5504 5506 5509 5543 5554 5712 5733 5743 5774 5820 5881 5890 5891 5893 5895 5897 5900 5912 5966 6021 6022 6128 6255 6261 6286 6305 6422 6464 6476 6495 6499 6515 6541 6548 6556 6558 6563 6618 6629 6639 6656 6659 6927 6936 6970 7001 7149 7224 7295 7422 7471 7474 7532 7560 7601 7614 7616 7627 7732 7794 7796 7804 7974 8033 8647 8795 8896 8959 9077 9330 9408 9476 9722 9886 9899 10009 10168 10429 10570 10583 10749 10862 10950 10985 10998 11016 11031 11032 11033 11034 11035 11036 11037 11038 11039 11040 11041 11042 11043 11044 11045 11046 11047 11048 11049 11050 11051 11052 11053 11054 11055 11056 11057 11058 11059 11060 11061 11062 11063 11064 11065 11066 11067 11068 11069 11070 11071 11072 11073 11074 11075 11076 11077 11078 11079 11080 11081 11082 11083 11084 11085 11086 11087 11088 11089 11090 11091 11092 11093 11094 11095 11096 11097 11098 11099 11100 11101 11102 11103 11104 11105 11106 11107 11108 11109 11110 11111 11112 11113 11114 11115 11116 11117 11118 11119 11120 11121 11122 11123 11124 11125 11126 11127 11128 11129
206 484 718 842 5988
8 49 81 122 146 149 150 190 308 331 376 467 510 561 590 591 679 849 905 983 1102 1113 1181 1281 1616 1654 1828 1977 2140 2584 2956 3032 4016 10912 10915 10916 10917 10918 10919 10920 11130 11131
8 19 20 38 49 72 84 121 122 124 154 157 171 202 206 208 214 243 247 274 280 315 319 347 372 398 402 425 428 439 453 471 493 495 503 515 516 519 524 625 820 827 846 847 906 907 917 944 1043 1093 1141 1229 1239 1256 1340 1682 1685 2328 2331 2512 2638 3453 3970 4206 4736 11132 11133 11134
6 8 14 21 31 48 49 51 55 58 66 72 75 80 81 84 98 116 121 122 123 124 133 142 147 149 154 171 179 191 193 209 217 225 228 259 275 294 295 316 318 355 370 371 376 379 380 385 386 394 400 401 412 414 461 468 469 472 476 484 485 490 498 508 509 511 516 520 521 544 548 549 560 573 583 585 586 596 603 621 681 684 694 698 701 716 718 749 764 767 807 808 818 842 857 858 876 878 884 886 889 937 979 998 1024 1051 1059 1066 1082 1114 1139 1144 1156 1158 1166 1172 1225 1228 1232 1242 1248 1257 1278 1298 1325 1335 1368 1431 1442 1447 1452 1454 1599 1625 1676 1722 1732 1766 1776 1797 1798 1829 1835 1849 2002 2015 2052 2076 2080 2082 2144 2153 2163 2179 2247 2343 2345 2348 2375 2380 2452 2463 2470 2610 2626 2632 2633 2663 2710 2711 2719 2757 2784 2805 2821 2882 2905 2932 2937 2974 3071 3114 3115 3127 3199 3203 3307 3371 3377 3406 3473 3490 3502 3620 3781 3841 3866 3878 3879 3886 3894 4014 4050 4195 4358 4385 4399 4589 4628 4651 4656 4657 4662 4665 4806 4824 4899 4929 4948 4979 5057 5136 5441 5452 5484 5543 5733 5743 5798 5820 5868 5893 5912 5915 6080 6108 6141 6154 6158 6251 6286 6404 6442 6499 6510 6539 6546 6601 6618 6666 6714 6882 6954 7001 7203 7474 7494 7590 7604 7616 7771 7933 8266 8825 9330 9340 9886 9918 10081 10194 10196 10214 10719 10723 10742 10861 10969 10977 10985 10999 11005 11008 11014 11036 11057 11060 11069 11077 11083 11090 11091 11093 11110 11113 11116 11125 11135 11136 11137 11138 11139 11140 11141 11142 11143 11144 11145 11146 11147 11148 11149 11150 11151 11152 11153 11154 11155 11156 11157 11158 11159 11160 11161 11162 11163 11164 11165 11166 11167 11168 11169 11170 11171 11172 11173 11174 11175 11176 11177 11178 11179 11180 11181 11182 11183 11184 11185 11186 11187 11188 11189 11190 11191 11192 11193 11194 11195
31 49 66 81 149 150 238 287 308 376 394 467 561 590 591 905 1158 1281 1345 1404 1432 1616 2188 2328 4016 10912 10915 10916 10917 10918 10919
8 9 24 40 49 51 53 60 72 76 81 84 85 86 92 97 121 122 123 146 157 171 174 185 202 237 243 245 246 252 260 264 274 275 294 297 320 332 361 368 390 395 398 399 400 402 404 413 418 423 430 435 447 470 472 476 493 495 509 514 515 516 520 524 595 621 641 679 716 718 775 820 840 848 850 878 879 904 906 912 932 970 1122 1206 1211 1242 1244 1345 1385 1393 1446 1456 1482 1490 1521 1532 1562 1625 1629 1659 2078 2328 2331 2335 2338 2339 2340 2341 2343 2344 2345 2348 2351 2352 2402 2507 2529 3385 3746 4140 4151 4736 5326 5360 7272 7287 11196
6 8 22 31 49 81 122 124 146 149 150 225 236 308 376 391 406 414 467 516 561 590 591 679 740 878 1130 1281 1458 1477 1616 1654 1682 1793 1828 2058 2584 2975 3495 3526 3770 4016 10912 10915 10916 10917 10918 10919 11197 11198 11199
6 8 12 14 20 21 30 35 40 47 48 49 51 55 58 60 80 81 84 85 88 90 92 101 102 116 121 122 123 124 133 138 142 147 154 171 179 187 191 193 216 217 230 238 242 263 266 275 287 294 297 302 316 320 332 335 340 345 350 357 377 379 380 385 386 400 401 421 435 448 453 468 469 472 475 476 478 479 486 490 504 509 511 512 516 520 521 531 544 549 568 581 586 596 603 621 626 681 694 696 697 715 722 734 747 754 761 767 786 790 805 807 808 827 845 872 873 878 879 884 905 934 937 944 957 980 998 1024 1051 1056 1069 1077 1094 1098 1114 1130 1131 1138 1139 1144 1149 1156 1158 1166 1172 1208 1218 1234 1242 1256 1257 1267 1285 1298 1304 1335 1349 1404 1431 1438 1442 1446 1447 1457 1458 1463 1487 1551 1572 1595 1616 1625 1670 1676 1759 1761 1765 1776 1797 1827 1835 1849 1945 1953 1965 1980 1996 2002 2009 2021 2052 2063 2076 2080 2082 2088 2122 2153 2154 2278 2308 2317 2343 2345 2348 2375 2380 2384 2438 2452 2463 2470 2555 2592 2632 2633 2640 2663 2711 2718 2757 2765 2773 2784 2799 2805 2834 2882 2909 2932 2937 3025 3071 3116 3200 3205 3233 3287 3314 3323 3371 3394 3473 3502 3533 3577 3620 3621 3646 3747 3781 3831 4014 4050 4057 4195 4354 4358 4468 4589 4646 4648 4650 4656 4657 4662 4665 4806 4883 4929 4957 4979 5136 5175 5441 5452 5481 5486 5543 5603 5614 5712 5726 5733 5753 5793 5795 5868 5881 5912 5983 5988 5998 6021 6022 6038 6086 6096 6099 6141 6144 6152 6154 6255 6286 6404 6422 6433 6442 6458 6466 6499 6500 6515 6546 6563 6689 6891 7435 7541 7594 7601 7616 7732 7794 7799 7910 8266 8362 8426 8795 8807 9954 10172 10429 10431 10570 10719 10723 10758 10759 10985 10997 11005 11031 11036 11060 11064 11068 11069 11071 11074 11077 11087 11089 11090 11091 11092 11093 11100 11104 11113 11118 11125 11137 11138 11139 11141 11142 11144 11151 11154 11159 11163 11167 11170 11171 11174 11178 11184 11192 11193 11200 11201 11202 11203 11204 11205 11206 11207 11208 11209 11210 11211 11212 11213 11214 11215 11216 11217 11218 11219 11220 11221 11222 11223 11224 11225 11226 11227 11228 11229 11230 11231 11232 11233 11234 11235 11236 11237 11238 11239 11240 11241 11242 11243 11244 11245 11246 11247 11248 11249 11250 11251 11252 11253 11254 11255
8 40 49 51 72 76 81 122 123 146 154 157 187 188 243 259 274 294 328 368 398 399 412 413 430 435 447 453 472 493 509 514 515 516 520 524 625 641 716 823 840 878 898 944 1075 1092 1103 1114 1174 1206 1338 1385 1393 1446 1456 1482 1490 1521 1532 1562 1625 1759 1929 1957 2328 2331 2335 2338 2339 2340 2341 2343 2344 2345 2348 2351 2352 2502 2512 2638 2709 3193 3481 4768 5547 11133 11256 11257
8 49 81 86 122 146 149 150 219 294 308 376 467 510 514 561 590 591 596 679 857 905 954 1281 1312 1616 1793 1828 4016 10912 10915 10916 10917 10918 10919 10920 11258 11259
8 9 14 22 49 51 53 60 72 76 84 85 116 121 122 123 124 150 157 171 176 177 195 202 208 216 219 221 236 237 252 254 259 274 275 281 302 331 332 333 361 373 390 402 406 420 425 439 443 447 453 455 456 459 470 493 503 506 510 513 514 516 520 524 528 575 711 824 845 850 857 860 880 884 1005 1135 1161 1174 1240 1242 1270 1273 1324 1339 1345 1539 1629 1645 1646 1673 1678 1682 1694 1749 1786 1818 1951 1955 2140 2328 2331 2351 2384 2394 2500 2502 2587 2623 2694 2696 2713 2769 2897 3051 3305 3770 3998 4547 4606 4908 5808 11260 11261 11262
1 6 8 20 49 51 53 54 72 76 81 85 88 98 114 121 122 131 134 138 142 144 150 152 154 157 174 213 221 233 245 294 317 318 339 355 356 368 398 399 413 421 422 447 448 476 477 493 516 519 520 639 641 679 701 716 764 806 818 826 840 845 850 860 878 906 940 944 968 987 1067 1072 1135 1206 1247 1308 1324 1342 1345 1385 1393 1419 1446 1456 1482 1490 1510 1521 1532 1562 1625 1652 1657 1666 1678 1705 1735 1764 1788 1851 1986 2007 2025 2074 2254 2294 2324 2328 2330 2331 2334 2335 2338 2339 2340 2341 2343 2344 2345 2348 2349 2351 2352 2433 2516 2528 2551 2609 2627 2638 2700 2925 3175 3282 3569 3726 3784 3846 3848 4206 4268 4340 4769 4886 5007 5458 5598 5796 5946 6383 6385 6396 6877 6958 6960 8069 8574 8790 10699 10849 11245 11263 11264 11265 11266 11267 11268 11269 11270 11271 11272 11273 11274 11275 11276 11277 11278 11279 11280 11281 11282 11283 11284 11285 11286
1 6 8 20 21 49 51 58 59 60 83 92 98 121 122 124 133 136 142 154 156 164 179 187 232 233 250 287 295 316 340 345 355 369 370 371 376 379 380 386 389 398 400 421 444 448 469 470 471 476 509 511 512 516 538 544 549 565 575 603 621 626 629 648 672 681 696 702 705 718 719 737 746 747 790 807 808 829 838 863 873 878 906 957 992 993 1005 1051 1056 1087 1094 1098 1123 1127 1139 1153 1156 1158 1166 1170 1172 1278 1298 1304 1349 1404 1411 1442 1447 1452 1536 1576 1595 1616 1661 1668 1676 1710 1732 1736 1759 1778 1849 1951 2009 2065 2082 2144 2153 2176 2231 2241 2300 2305 2345 2348 2375 2380 2429 2439 2633 2719 2757 2773 2937 2938 3056 3115 3255 3358 3377 3490 3502 3512 3620 3646 3653 3764 3823 4022 4050 4075 4176 4195 4358 4411 4433 4662 4828 4840 4850 4871 4899 4979 5181 5486 5547 5613 5640 5729 5733 5788 5897 5924 5985 6002 6021 6045 6128 6255 6404 6466 6499 6515 6542 6546 6566 6601 6637 6657 6927 7161 7358 7601 7660 7814 7915 7948 8182 8415 8474 8518 8779 8808 9340 9918 9921 9954 10406 10429 10717 10750 10887 10985 11007 11069 11071 11077 11093 11110 11118 11137 11142 11156 11169 11170 11174 11180 11236 11242 11249 11287 11288 11289 11290 11291 11292 11293 11294 11295 11296 11297 11298 11299 11300 11301 11302 11303 11304 11305 11306 11307 11308 11309 11310 11311 11312 11313 11314 11315 11316 11317 11318
8 20 21 22 35 44 48 49 54 55 60 72 76 84 85 87 88 92 109 119 121 122 124 140 142 146 150 171 177 187 208 210 214 220 231 237 239 240 243 247 264 274 275 280 303 311 312 325 329 345 361 379 395 398 406 411 413 419 420 422 425 439 447 453 459 470 477 486 492 493 498 504 506 509 510 513 514 516 518 520 523 581 595 659 668 679 718 813 814 822 840 850 863 864 869 873 880 884 905 906 907 929 934 940 970 1001 1005 1059 1103 1131 1141 1193 1240 1243 1244 1294 1299 1304 1310 1345 1539 1678 1778 1781 1818 2007 2136 2302 2318 2324 2328 2331 2333 2349 2351 2609 2629 2747 2769 2937 3048 3831 3852 3992 4265 5304 5367 5373 5425 5427 5467 11319 11320 11321 11322 11323 11324
1 8 10 31 39 40 48 49 51 53 60 66 79 86 107 122 147 149 150 167 179 185 198 205 208 225 236 237 238 239 244 247 255 264 274 301 303 308 310 312 319 331 338 339 346 355 358 376 379 386 394 402 413 414 417 428 430 444 446 455 456 467 477 480 485 493 494 500 506 513 516 520 523 524 526 529 536 538 553 568 572 577 580 581 586 596 601 603 640 679 775 815 824 829 848 857 878 887 889 890 892 905 906 954 1003 1005 1015 1027 1029 1049 1051 1070 1072 1108 1111 1113 1117 1118 1139 1158 1205 1207 1229 1236 1292 1335 1345 1361 1368 1385 1411 1417 1423 1430 1432 1466 1476 1486 1502 1523 1529 1532 1542 1581 1648 1672 1676 1682 1699 1793 1818 1823 1951 2037 2058 2088 2099 2104 2112 2119 2130 2131 2132 2136 2140 2145 2147 2148 2150 2167 2171 2188 2189 2226 2232 2305 2328 2350 2355 2423 2429 2450 2451 2452 2453 2558 2559 2623 2638 2652 2656 2737 2755 2759 2795 2828 2831 2857 2885 2904 2907 2910 2929 2951 2966 2975 2983 3045 3053 3133 3141 3150 3260 3354 3370 3448 3618 3623 3731 3770 3909 3958 4295 4305 4432 4448 4662 4751 4891 4913 5084 5117 5330 5811 5817 6032 6157 6299 6357 6773 6789 6972 6993 7006 7072 7081 7140 7513 7648 7666 7676 8053 8641 8686 8984 9175 9226 9244 9360 9364 9380 9422 9779 10029 10379 10598 11027 11131 11325 11326 11327 11328 11329 11330 11331 11332 11333 11334 11335 11336 11337 11338 11339 11340 11341 11342 11343 11344 11345 11346 11347 11348 11349 11350 11351 11352 11353 11354 11355 11356 11357 11358 11359 11360 11361 11362 11363 11364 11365 11366 11367 11368 11369 11370 11371 11372 11373 11374 11375 11376 11377 11378 11379 11380 11381 11382 11383 11384 11385 11386 11387 11388 11389 11390 11391 11392 11393 11394 11395 11396 11397 11398 11399 11400 11401 11402 11403 11404 11405 11406 11407 11408 11409
1 2 6 8 14 20 29 30 41 49 51 60 73 80 81 88 98 103 116 121 122 124 129 138 140 142 152 154 179 188 191 199 203 209 216 217 225 238 245 250 259 260 266 280 287 325 332 335 345 346 357 361 369 376 380 386 389 397 401 414 421 446 447 452 455 461 468 469 471 474 476 478 485 490 498 504 508 511 512 513 516 518 520 536 544 549 558 571 573 575 596 603 621 642 648 673 694 696 697 702 706 716 718 732 737 744 746 749 786 805 807 808 818 829 838 845 862 863 873 878 884 886 905 915 934 938 953 954 972 1012 1040 1051 1056 1070 1082 1094 1095 1098 1123 1126 1132 1139 1144 1149 1156 1158 1166 1172 1199 1208 1228 1232 1238 1242 1257 1288 1304 1308 1341 1349 1368 1404 1411 1447 1454 1460 1476 1509 1513 1521 1570 1577 1599 1619 1625 1642 1659 1676 1682 1722 1732 1765 1779 1790 1801 1829 1835 1849 1938 1955 1958 1977 2002 2021 2052 2076 2080 2082 2088 2102 2122 2131 2148 2153 2154 2163 2178 2182 2219 2288 2297 2343 2361 2376 2380 2427 2452 2463 2499 2507 2633 2663 2747 2757 2773 2799 2805 2821 2832 2852 2882 2935 2937 2944 2974 3003 3116 3127 3151 3219 3223 3307 3357 3430 3502 3605 3620 3747 3780 3882 3886 3888 3893 3894 4014 4022 4050 4195 4252 4353 4354 4440 4451 4464 4476 4480 4537 4628 4648 4650 4656 4657 4662 4665 4794 4806 4818 4828 4832 4850 4864 4873 4883 4942 4948 4979 5278 5452 5530 5553 5554 5584 5593 5666 5733 5743 5770 5779 5820 5866 5868 5893 5911 5912 5926 6021 6088 6112 6141 6188 6215 6296 6303 6305 6422 6442 6466 6499 6503 6510 6518 6532 6546 6611 6629 6643 6891 7149 7208 7358 7365 7413 7464 7465 7601 7730 7775 7783 7794 7807 8169 8266 8886 9701 9922 10425 10429 10583 10964 10975 10983 10988 10998 11006 11007 11059 11069 11071 11077 11093 11095 11118 11140 11153 11167 11171 11174 11217 11231 11233 11299 11300 11410 11411 11412 11413 11414 11415 11416 11417 11418 11419 11420 11421 11422 11423 11424 11425 11426 11427 11428 11429 11430 11431 11432 11433 11434 11435 11436 11437 11438 11439 11440 11441 11442 11443 11444 11445 11446 11447 11448 11449 11450 11451 11452 11453
1 6 8 22 31 44 49 51 60 72 84 88 112 121 122 124 146 185 207 225 233 236 274 308 312 361 368 377 379 398 402 413 417 435 469 476 486 493 509 514 516 519 561 610 697 729 740 814 822 840 857 858 873 884 917 1005 1028 1034 1059 1077 1135 1141 1164 1212 1270 1291 1341 1347 1355 1643 1646 1678 1789 1827 1951 2061 2100 2239 2318 2331 2351 2490 2688 2821 3289 3997 4064 4104 4688 4754 5311 5666 5966 10778 10788 10789 11454 11455 11456 11457 11458 11459
1 2 6 8 13 18 20 23 30 48 49 51 53 55 58 59 60 72 80 81 84 90 97 108 121 122 124 138 149 154 174 179 216 228 238 252 253 266 275 282 295 313 315 317 320 335 340 345 350 355 357 370 376 380 381 386 401 406 410 422 424 435 448 459 468 470 471 474 476 478 481 485 501 503 508 509 510 511 516 517 518 520 544 549 561 568 575 582 583 586 596 603 621 624 648 651 672 696 697 698 716 741 747 749 761 767 777 788 804 805 807 808 814 818 859 862 863 873 884 905 913 920 934 953 983 992 1005 1019 1029 1046 1051 1054 1055 1094 1111 1114 1132 1139 1149 1156 1158 1172 1182 1199 1208 1225 1228 1230 1233 1238 1242 1257 1304 1324 1344 1349 1368 1404 1438 1440 1447 1458 1461 1521 1526 1583 1621 1625 1659 1662 1676 1692 1698 1722 1723 1732 1759 1770 1775 1835 1849 1923 1954 1958 1963 1964 1992 2037 2052 2076 2080 2082 2134 2148 2154 2163 2176 2179 2221 2236 2264 2288 2313 2317 2341 2362 2375 2380 2402 2499 2617 2633 2640 2663 2710 2711 2757 2784 2787 2799 2805 2821 2882 2944 2953 3026 3182 3200 3219 3261 3287 3307 3367 3374 3391 3427 3473 3502 3620 3646 3653 3818 3866 3882 3894 3898 4057 4068 4195 4252 4353 4354 4358 4464 4480 4483 4628 4656 4657 4662 4793 4795 4806 4818 4828 4873 4874 4929 4948 4979 5057 5175 5452 5486 5506 5552 5603 5712 5733 5740 5769 5780 5860 5868 5893 5912 5983 6255 6404 6464 6499 6510 6629 6639 6651 6656 6666 6711 6720 6954 7189 7209 7590 7596 7601 7763 7814 7910 8122 8181 8547 8647 8808 9180 9340 9353 9962 10038 10132 10172 10429 10518 10742 10752 10758 10969 10985 10992 10997 10998 11005 11015 11021 11069 11071 11075 11077 11093 11129 11152 11162 11167 11169 11171 11233 11249 11293 11317 11414 11415 11417 11426 11440 11450 11460 11461 11462 11463 11464 11465 11466 11467 11468 11469 11470 11471 11472 11473 11474 11475 11476 11477 11478 11479
8 9 22 49 51 72 76 81 84 85 92 97 121 122 124 146 157 165 168 174 195 202 210 221 243 255 274 294 302 308 312 316 331 333 362 368 379 398 399 406 413 420 425 434 439 447 453 469 475 485 486 493 503 509 511 512 514 520 521 524 572 641 716 718 794 814 820 822 840 853 858 873 878 882 907 929 942 970 1001 1043 1084 1098 1150 1204 1206 1208 1226 1240 1303 1321 1323 1340 1385 1393 1446 1456 1482 1490 1521 1532 1562 1619 1625 1678 1682 1790 1797 1922 1950 2005 2178 2243 2328 2330 2331 2335 2338 2339 2340 2341 2343 2344 2345 2348 2351 2352 2357 2402 3051 4079 4574 4719 5353 5367 7272 7287 10466 11480 11481 11482
9 49 76 90 122 149 150 219 220 247 379 444 506 595 684 954 1051 1308 1404 1807 1996 2490 3213 3413 3458 3475 4724 6357 10920 11323
1 6 8 10 12 13 14 20 21 30 31 48 49 51 55 58 60 66 80 81 84 92 93 103 116 121 122 124 138 142 149 154 164 171 174 179 187 191 199 202 231 238 266 272 275 287 294 297 302 313 315 317 330 332 335 340 345 354 355 369 370 371 379 380 386 393 398 401 410 421 422 426 435 444 446 449 465 468 469 470 474 475 485 490 498 508 510 511 513 516 517 518 520 544 555 565 581 583 603 621 629 648 694 696 697 698 701 702 716 747 749 761 767 788 792 797 804 806 807 808 818 838 858 863 870 873 878 879 880 884 889 905 906 980 1024 1029 1040 1045 1051 1056 1069 1082 1098 1114 1121 1132 1139 1149 1156 1158 1166 1170 1172 1181 1185 1194 1199 1206 1208 1211 1215 1218 1222 1228 1237 1242 1248 1261 1288 1298 1304 1308 1312 1345 1368 1404 1411 1442 1447 1452 1454 1458 1478 1496 1509 1521 1565 1581 1582 1595 1599 1627 1659 1676 1722 1744 1759 1766 1773 1790 1797 1829 1835 1849 1933 1948 1965 2002 2009 2052 2076 2080 2082 2097 2104 2122 2131 2134 2137 2154 2164 2178 2230 2240 2302 2321 2361 2380 2402 2439 2463 2533 2633 2654 2672 2711 2719 2757 2773 2805 2806 2852 2932 2937 2996 3003 3008 3115 3127 3136 3195 3305 3315 3406 3473 3490 3512 3540 3577 3653 3694 3747 3763 3787 3841 3879 3882 3894 3898 3990 4014 4078 4092 4195 4252 4311 4353 4354 4358 4398 4399 4440 4591 4628 4647 4656 4662 4806 4871 4873 4899 4914 4929 4979 5297 5529 5530 5543 5726 5733 5742 5770 5780 5820 5845 5868 5893 5895 5902 5911 5912 5926 5959 5966 5983 6021 6022 6090 6188 6255 6291 6305 6318 6379 6442 6452 6458 6495 6499 6515 6539 6545 6548 6556 6634 6637 6656 6666 6702 6704 6713 6714 6720 6927 7150 7151 7160 7161 7224 7413 7511 7516 7585 7783 7974 8104 8168 8185 8302 8647 8785 8789 8808 8845 8878 8938 10217 10759 10969 10985 10991 10992 11007 11009 11019 11059 11069 11077 11093 11113 11122 11202 11217 11223 11233 11298 11317 11428 11447 11471 11483 11484 11485 11486 11487 11488 11489 11490 11491 11492 11493 11494 11495 11496 11497 11498 11499 11500 11501 11502 11503 11504 11505 11506 11507 11508 11509 11510 11511 11512 11513 11514 11515 11516 11517 11518 11519 11520 11521 11522 11523 11524 11525 11526 11527 11528 11529 11530 11531 11532 11533 11534 11535 11536 11537
8 9 21 22 49 54 60 65 72 76 81 84 85 97 121 122 124 142 146 157 164 177 243 245 252 254 266 271 274 275 294 312 330 331 338 340 362 368 379 382 389 393 398 399 413 426 447 467 470 471 493 494 497 503 504 506 509 516 520 524 605 641 669 679 716 769 791 840 858 860 863 878 937 970 1088 1103 1138 1187 1204 1206 1208 1262 1345 1385 1393 1446 1456 1482 1490 1506 1521 1532 1562 1625 1635 1673 1680 1761 1786 1829 2140 2176 2243 2257 2302 2328 2330 2331 2334 2335 2338 2339 2340 2341 2343 2344 2345 2348 2351 2352 2502 2587 2868 2983 3011 3051 3874 4384 4589 4591 4763 5210 7272 7287 9926 10300 10350 10692 11538 11539 11540 11541 11542 11543 11544 11545 11546 11547 11548 11549 11550 11551 11552 11553 11554 11555 11556